Fozzis,fozzis.com
Evelyn & Bobbie,evelynbobbie.com
Roller Rabbit,rollerrabbit.com
Revo Sunglasses,revo.com
MidinMod,midinmod.com
Packed with Purpose,packedwithpurpose.gifts
Db,UNKNOWN
Nimble,gonimble.com
Retro Stage,retro-stage.com
Sulina Shop,sulinashop.com
Wild Bill's Olde Fashioned Soda Pop,drinkwildbills.com
ohora usa,ohora.com
Los Angeles Apparel,laapparelstore.com
Field Company,fieldco.com
RealCraft,realcraft.com
United by Blue,unitedbyblue.com
KOVERED,kovered.co.uk
NOSH NYC,noshnycandy.com
Summit & Steam,summitsteam.com
Gold & Honey,goldandhoney.com
HERVÉ LÉGER,herveleger.com
The Urban Charm,theurbancharm.com
Plunge,UNKNOWN
Health-Ade,health-ade.com
Emilia Wickstead,emiliawickstead.com
momcozy,momcozy.com
Tekto Knives,tektoknives.com
Snow Peak,snowpeak.com
Ornot,ornotbike.com
Warner Bros. Shop,wbshop.com
GrowingTrees,grow-trees.com
fragranceShop,fragranceshop.com
JMP The Label,jmpthelabel.com
KITSCH,mykitsch.com
Dudley Stephens,dudley-stephens.com
DIFF Eyewear,diffeyewear.com
Veer Coffee Co,veercoffee.com
Pyle USA,pyleusa.com
Abbott Lyon,abbottlyon.com
Tabletop Things,tabletopthings.com
gorjana,gorjana.com
Zombie Ghost,UNKNOWN
AG Jeans,agjeans.com
Alex Crane,alexcrane.co
Eureka Ergonomic,eurekaergonomic.com
VIVO,UNKNOWN
YES Bar,theyesbar.com
Atlas Bar,atlasbars.com
Grey Bandit,greybandit.com
Host,UNKNOWN
Hippie Crafter,hippiecrafter.com
Maison Miru,maisonmiru.com
ReflecToes,reflectoes.com
Simple Retro,simpleretro.com
Auratherapy,auratherapylife.com
MARLOWE Skin,marloweskin.com
Klymit,klymit.com
Camellios,camellios.com
URBAN REVIVO,global.urbanrevivo.com
Condomania,condomania.com
Toor Knives,toorknives.com
Jonathan Adler,jonathanadler.com
Effie's Paper,effiespaper.com
Lucy & Sam,lucyandsam.com
Zen Monkey Studios,zenmonkeystudios.com
Urbanista,urbanista.com
ProHealth,prohealth.com
Manuka Doctor US,manukadoctor.com
Puppy Pride,puppypride.store
Miss Me,missme.com
Dorsey,shopdorsey.com
Sutera,sleepsutera.com
Honeydew Sleep,honeydewsleep.com
Janji,janji.com
Pherotic,pherotic.shop
FoodCycler,foodcycler.com
Woolx,woolx.com
Rhino USA,rhinousainc.com
Project Genius,projectgeniusinc.com
The Great,thisisthegreat.com
Tricomax,tricomax.com
ALIGNE,aligne.co
Pela Case,pelacase.com
Lovisa US,lovisa.com
Natura Pine,naturapine.com
Emi Jay,emijay.com
Anyday,cookanyday.com
PEARL iZUMi,pearlizumi.com
Randolph USA,randolphusa.com
Huk Gear,huk.com
2Modern,2modern.com
World Wide Stereo,worldwidestereo.com
A'lei Beauty,aleibeauty.com
Strange Dollz Boutique,strange-dollz-boudoir.myshopify.com
Michael Stars,michaelstars.com
GOLF le FLEUR,golflefleur.com
Suugr Studio,suu.gr
goodr,goodr.com
HOMAGE,homage.com
Spark Gift Co,sparkgiftco.com
Prinker,prinker.net
Skinveda,skinveda.com
Glitter Lingerie,glitterlingerie.com
Legacybox,legacybox.com
Merigold,merigold.co
Unihorn,unihornofficial.com
Sun Mountain,sunmountain.com
KREWE,krewe.com
European Wax Center,waxcenter.com
Rehisk,UNKNOWN
Pokesports,pokesports.org
Bed Threads,bedthreads.com
Alex Mill,alexmill.com
RŌZ,rozstore.co
Coffee Blossom,blossomcoffeeroasters.com
Craft Sportswear,craftsportswear.com
DSPTCH,dsptch.com
ROCKNOT,UNKNOWN
Grabie,grabie.cc
L'MOMO,lmomo.ca
Studio Nicholson,studionicholson.com
Allure Passion,allurepassion.com
bebe,bebe.com
Karnox,karnox.com
Posh Totty Designs,poshtottydesigns.com
DM Snacks,dmsnacks.com
Spectrum Collections,spectrumcollections.com
Dosey,dosey.com
BARNER,barnerbrand.com
Warm People,warmpeople.co
Biird,biird.co
Animebae,animebae.co
Packed Party,packedparty.com
GRID Wallet,grid-wallet.com
Blue Sky,UNKNOWN
Chains of metal,chainsofmetal.com
Kiramoon,kiramoon.com
Latitude Outdoors,latitudeoutdoors.com
Mill Rock East,millrockeast.com
Percival Menswear,percivalclo.com
Katia Designs,UNKNOWN
VIEVE,UNKNOWN
CRAVE,UNKNOWN
Particula,UNKNOWN
Grande Cosmetics,UNKNOWN
Flaire & Co,UNKNOWN
StreetCandles,UNKNOWN
M.M.LaFleur,UNKNOWN
Solly Baby,UNKNOWN
Hoselink USA,UNKNOWN
Kismile,UNKNOWN
Victrola,UNKNOWN
The Hundreds,UNKNOWN
Cou Cou Intimates,UNKNOWN
NATPAT,UNKNOWN
Dukiri Apparel,UNKNOWN
Outdoor Gear Exchange,UNKNOWN
Lauren Moshi,UNKNOWN
Rudy Project,UNKNOWN
POOLSIDE,UNKNOWN
Mache,UNKNOWN
Oribe Hair Care,UNKNOWN
PARFAIT,UNKNOWN
Sundry,UNKNOWN
Avarelle,UNKNOWN
The Sanctuary,UNKNOWN
Subtle Asian Treats,UNKNOWN
Vanity Couture,UNKNOWN
Vittoria,UNKNOWN
Welsh Mtn Co,UNKNOWN
Journelle,UNKNOWN
NEODERMA,UNKNOWN
Gino's Awards,UNKNOWN
TruSkin,UNKNOWN
Olive & Piper,UNKNOWN
SOMMER SWIM,UNKNOWN
SpotOn,UNKNOWN
Boy Smells,UNKNOWN
Weebolt,UNKNOWN
3sixteen,UNKNOWN
Fosi Audio,UNKNOWN
Newcon Natural,UNKNOWN
Milk Makeup,UNKNOWN
Heavys Audio,UNKNOWN
Audio46,UNKNOWN
M.A.G.Unique,UNKNOWN
La Boîte,UNKNOWN
Pixi Beauty,UNKNOWN
Blue Vanilla,UNKNOWN
Manta Sleep,UNKNOWN
Mokobara,UNKNOWN
Faribault Mill,UNKNOWN
The Cumin Club,UNKNOWN
Grundens,UNKNOWN
OneBlade,UNKNOWN
Komuso Design,UNKNOWN
ODDOBODY,UNKNOWN
Sakara,UNKNOWN
BRUCE BOLT,UNKNOWN
JUNOCO,UNKNOWN
Alo Yoga,UNKNOWN
OffGrid,UNKNOWN
Pretti.Cool,UNKNOWN
Olive and June,UNKNOWN
PROMiXX,UNKNOWN
mypaume,UNKNOWN
SAU LEE,UNKNOWN
Vintage Candy Co,UNKNOWN
mokapuff,UNKNOWN
Luke's Lobster,UNKNOWN
Chillhouse,UNKNOWN
HomeWetBar,UNKNOWN
Kennedy Blue,UNKNOWN
