Kennedy Blue,kennedyblue.com
ONDICE,UNKNOWN
KNOTWTR,knotwtr.com
Jamie Haller,UNKNOWN
Energy Rocks,UNKNOWN
TAFT,taftclothing.com
HID SIPS,UNKNOWN
MELO Labs,trymeloair.com
Coming Soon,UNKNOWN
Kulani Kinis,kulanikinis.com
Sassy Sacha Jewelry,sassysachajewelry.com
Party of Two,bookpartyoftwo.com
Sense,UNKNOWN
Puzzles of Color,puzzlesofcolor.com
Honeydrop,UNKNOWN
Montana Knife Company,montanaknifecompany.com
Kuat Racks,kuat.com
SACHEU Beauty,sacheu.com
Pooky Lighting US,us.pooky.com
Halfday,halfdays.com
Indigoabbie,indigoabbie.com
anagram,UNKNOWN
Heliotrope San Francisco,heliotropesf.com
VSSL,vsslgear.com
Luna Sundara,lunasundara.com
Kine CBD,getkine.com
ChappyWrap,chappywrap.com
ROCKS Whiskey Stones,rockscs.com
Bodily,itsbodily.com
Roses del fuego,rosesdelfuego.com
US Lounge,us.lounge.com
Ellis Brooklyn,ellisbrooklyn.com
PondHQ,pondhq.shop
Cocktail Courier,cocktailcourier.com
Negative Underwear,negativeunderwear.com
TALA,wearetala.com
McGee & Co,mcgeeandco.com
DIRTEA,dirteaworld.com
American Hat Makers,americanhatmakers.com
WoofCrate,woofcrate.ca
HELM Boots,helmboots.com
SimplyFloss,simplyfloss.com
Chain Assembly,chainassembly.com
Perfect Locks,perfectlocks.com
Matrix Keyboards,matrixkeyboards.com
SodaPup,sodapup.com
TeddyTales,teddytales.com
Unbound Merino,unboundmerino.com
Cheekbone Beauty,cheekbonebeauty.com
Fathead,fathead.com
Sunga Life,sungalife.com
Nugget,UNKNOWN
TAI Jewelry,taijewelry.com
AVI-8 Timepieces,avi-8.com
Happy Box,happyboxstore.com
PinkBlush,pinkblushmaternity.com
Carve Designs,carvedesigns.com
Atoms,atoms.com
Splendid,splendid.com
HALM Straws,halmstraws.com
melin,melin.com
Wildfox Couture,wildfox.com
OGL,oglmove.com
SANDY LIANG,sandyliang.info
My Magic Carpet,buymymagiccarpet.com
Fable,fable.com
Fantasy Time,fantasytime.com
El Guapo,elguapobitters.com
Scented Designs,scenteddesigns.com
CALPAK,calpaktravel.com
Oh Polly UK,ohpolly.com
AutoFull US,autofull.com
Babiators Sunglasses,babiators.com
Mountain Khakis,mountainkhakis.com
DIVA US,shopdiva.com
The Stockroom,stockroom.com
Fièra Cosmetics,fieracosmetics.com
pediped,pediped.com
Lark Fine Foods,larkfinefoods.com
Game Flavor,gameflavor.com
Dale Audrey,daleaudrey.com
Blendtec,blendtec.com
SIN Home Goods,virginiasin.com
Kailo Labs,gokailo.com
centinelle,centinelle.com
Lumination,UNKNOWN
Capy-Era,capyera.com
Brahmin,brahmin.com
Lectron EV,ev-lectron.com
tuft + paw,tuftnpaw.com
Le Col,lecol.cc
Brisk It,briskitgrills.com
Haus Labs by Lady Gaga,hauslabs.com
Raw Sugar,rawsugarliving.com
MOB BEAUTY,mobbeauty.com
DMoose,dmoose.com
Sea New York,sea-ny.com
Mindful And Co Kids,mindfulandcokids.com
Twelveswood Fragrances,twelveswoodfragrances.com
Twisted Lily,twistedlily.com
Shop Joe,shopjoe.com
RENPHO US,renpho.com
RMS Beauty,rmsbeauty.com
Lilac St,lilacst.com
LØCI,lociwear.com
Espresso Displays,us.espres.so
Journee,journeecollection.com
Twine Living,twineliving.com
Drinkmate USA,idrinkproducts.com
Kinetic Labs,UNKNOWN
Never Have I Ever,UNKNOWN
Spiral USA,spiralusa.com
Lunya,UNKNOWN
Prolon Life,prolonlife.com
Tiare Hawaii,tiarehawaii.com
Beyond Polish,beyondpolish.com
Baukjen,baukjen.com
Wildling,wildling.com
Komuso,komusodesign.com
The Couture Club,thecoutureclub.com
SANDMARC,UNKNOWN
Fan Daddies,UNKNOWN
NorthWood Distributing,UNKNOWN
Max and Lily,UNKNOWN
KraftGeek,UNKNOWN
SoundAssured,UNKNOWN
Etchn,UNKNOWN
Gooseberry Intimates,UNKNOWN
Ratchet Belt,UNKNOWN
HOWLER BROTHERS,UNKNOWN
Bleak Boutique,UNKNOWN
Tom Beckbe,UNKNOWN
THRONE KINGDOM,UNKNOWN
Donjane,UNKNOWN
Just Vertical,UNKNOWN
Connect,UNKNOWN
DreamerSquared,UNKNOWN
Nightfall,UNKNOWN
More Labs,UNKNOWN
Flight Fragrances,UNKNOWN
Tong Jerky,UNKNOWN
MUSUBI KILN,UNKNOWN
Crossrope,crossrope.com
Voyage Luggage,UNKNOWN
Rosaholics,UNKNOWN
fyb jewelry,UNKNOWN
Smith Teamaker,UNKNOWN
FOR OTHERS,UNKNOWN
Mobile Dog Gear,UNKNOWN
FINEX Cast Iron Cookware,UNKNOWN
The Blakery,UNKNOWN
Stella & Dot,UNKNOWN
Dach Everywhere,UNKNOWN
Shwood Eyewear,UNKNOWN
Homebody,UNKNOWN
Klean Kanteen,UNKNOWN
Chella,UNKNOWN
Solbari,UNKNOWN
Cravory Cookies,UNKNOWN
Soho Social,UNKNOWN
F3 Energy,UNKNOWN
ENVE Composites,UNKNOWN
Montirex,UNKNOWN
Sister Jane,UNKNOWN
TRUEWERK,UNKNOWN
EltaMD,UNKNOWN
Studio Neat,UNKNOWN
Athena Club,UNKNOWN
Bursera,UNKNOWN
LOWA Boots,UNKNOWN
Enjoy The Wood,UNKNOWN
Sock Panda,UNKNOWN
Turtle Beach USA,UNKNOWN
Vessel Brand,UNKNOWN
Fling,UNKNOWN
Suzy Shier,UNKNOWN
Boutinela,UNKNOWN
Farfetch US,UNKNOWN
Itemlabel,UNKNOWN
Omocat,UNKNOWN
Sock Dreams,UNKNOWN
Blackbough Swim,UNKNOWN
William Wilde,UNKNOWN
Holo Taco,UNKNOWN
Steve Madden US,UNKNOWN
Sanshee,UNKNOWN
Teepublic,UNKNOWN
Pusheen,UNKNOWN
Toys R Us,UNKNOWN
Princess Polly,UNKNOWN
Aurora,UNKNOWN
Turtle Beach,UNKNOWN
BBADTOYSTORE,UNKNOWN
MeowCos,UNKNOWN
32 Degrees,UNKNOWN
Bones Coffee Company,UNKNOWN
Nuts.com,UNKNOWN
Vgen,UNKNOWN
I.AM.GIA,UNKNOWN
Brooklinen,brooklinen.com
