Black Limba,UNKNOWN
Vitamin A,UNKNOWN
Farsedakis Beauty,farsedakis.com
Gnara,gnara.com
Taos Footwear,taosfootwear.com
SLEEFS,sleefs.com
NOYZ,noyz.com
Gatherall,wegatherall.com
kozēkozē,kozekoze.com
Personal Fav,personalfav.co
eCreamery,ecreamery.com
Paramount Shop,paramountshop.com
Nanoleaf,nanoleaf.me
Eat My Shortbread,eatmyshortbread.com
Wyze Labs,wyze.com
Cinq à Sept,cinqasept.nyc
Rollors,rollors.com
Impact Dog Crates,impactdogcrates.com
Lori Beds,loribeds.com
Twelve South,twelvesouth.com
Oscar de la Renta,oscardelarenta.com
Miansai,miansai.com
HEST,hest.com
TBCo,tbco.com
Katin USA,katinusa.com
Hydrant,drinkhydrant.com
OMNES,omnes.com
Xtrema,xtrema.com
Pepper,peppertheapp.com
Lock Laces,locklaces.com
Db,UNKNOWN
Plunge,UNKNOWN
Zombie Ghost,zombie.clothing
VIVO,vivo-us.com
Host,homegoods.com
Rehisk,rehisk.com
ROCKNOT,rocknot.com
Blue Sky,bluesky.com
Katia Designs,katiadesigns.com
VIEVE,vievebeauty.com
CRAVE,lovecrave.com
Particula,UNKNOWN
Grande Cosmetics,grandecosmetics.com
Flaire & Co,flaireaccessories.com
StreetCandles,UNKNOWN
M.M.LaFleur,mmlafleur.com
Solly Baby,sollybaby.com
Hoselink USA,hoselink.com
Kismile,kismile.com
Victrola,victrola.com
The Hundreds,thehundreds.com
Cou Cou Intimates,coucouintimates.com
NATPAT,natpat.com
Dukiri Apparel,dukiriapparel.com
Outdoor Gear Exchange,gearx.com
Lauren Moshi,laurenmoshi.com
Rudy Project,rudyproject.com
POOLSIDE,wearepoolside.com
Mache,machecustoms.com
Oribe Hair Care,oribe.com
PARFAIT,parfaitlingerie.com
Sundry,sundryclothing.com
Avarelle,avarelle.com
The Sanctuary,sanctuary.com
Subtle Asian Treats,subtleasiantreats.com
Vanity Couture,vanitycouture.com
Vittoria,vittoria.com
Welsh Mtn Co,welshmtn.com
Journelle,journelle.com
NEODERMA,neoderma.com
Gino's Awards,ginosonline.com
TruSkin,truskin.com
Olive & Piper,oliveandpiper.com
SOMMER SWIM,sommerswim.com
SpotOn,spoton.com
Boy Smells,boysmells.com
Weebolt,weebolt.com
3sixteen,3sixteen.com
Fosi Audio,fosiaudio.com
Newcon Natural,newconatural.ca
Milk Makeup,milkmakeup.com
Heavys Audio,heavys.com
Audio46,audio46.com
M.A.G.Unique,magunique.ca
La Boîte,laboiteny.com
Pixi Beauty,pixibeauty.com
Blue Vanilla,bluevanilla.com
Manta Sleep,mantasleep.com
Mokobara,mokobara.com
Faribault Mill,faribaultmill.com
The Cumin Club,thecuminclub.com
Grundens,grundens.com
OneBlade,onebladeshave.com
Komuso Design,komusodesign.com
ODDOBODY,oddobody.com
Sakara,sakara.com
BRUCE BOLT,brucebolt.us
JUNOCO,junoco.com
Alo Yoga,aloyoga.com
OffGrid,offgrid.co
