brand,domain_guess,domain_google,match,top_url,category,notes
Forge & Foster,forgeandfoster.com,forgeandfoster.com,yes,https://forgeandfoster.com/collections/all-collections,accessories,
Bala,shopbala.com,shopbala.com,yes,https://shopbala.com/?srsltid=AfmBOopbcbPvFwWzL61ZccILUagtSMthdmVaLi5SMsokTToQ6kIQrO_X,activewear,
Bandier,bandier.com,carbon38.com,no,https://carbon38.com/collections/bandier,activewear,
Carbon38,carbon38.com,carbon38.com,yes,https://carbon38.com/,activewear,
Girlfriend Collective,girlfriend.com,girlfriend.com,yes,https://girlfriend.com/,activewear,
Onzie,onzie.com,onzie.com,yes,https://www.onzie.com/?srsltid=AfmBOorjWI3l-U8T6fUmr3a6knqaiMlxKvhWek9sUUhBzA_i-a0oYMfj,activewear,
PE Nation,pe-nation.com,pe-nation.com,yes,https://www.pe-nation.com/en-us?srsltid=AfmBOopU2H2NJxafTvYmhWrdeKMK17gXxmFaO15JMbDVHzQHhD1VbYa0,activewear,
Satisfy Running,satisfyrunning.com,satisfyrunning.com,yes,https://satisfyrunning.com/?srsltid=AfmBOoqH-A17Gs-q7suUQV3sTcMI6JLRy44_bFPXXVitZn8Phydbh-aq,activewear,
Senita Athletics,senitaathletics.com,senitaathletics.com,yes,https://www.senitaathletics.com/?srsltid=AfmBOoqCIgkzrKAoxqapmffrk7AhHggeeboyVcB_dA4H6lkPtYjLRe3k,activewear,
Splits59,splits59.com,splits59.com,yes,https://www.splits59.com/?srsltid=AfmBOoqBfA3yEx0NcitZL9m62NcV1cZq0PBrGIudAeRWOozinlg4UR69,activewear,
Sweaty Betty,sweatybetty.com,sweatybetty.com,yes,https://www.sweatybetty.com/,activewear,
Tracksmith,tracksmith.com,tracksmith.com,yes,https://www.tracksmith.com/us,activewear,
Year of Ours,yearofours.com,yearofours.com,yes,https://yearofours.com/?srsltid=AfmBOopXZFxRzBgcUy-xWk1b_Z5wJEGa2HfmzOP4KvVqPodgxRYxwvj-,activewear,
Free Label,freelabel.com,freelabel.com,yes,https://freelabel.com/,apparel,
A Day's March,adaysmarch.com,adaysmarch.com,yes,https://www.adaysmarch.com/us,apparel-men,
Adsum,adsumnyc.com,adsumnyc.com,yes,https://adsumnyc.com/?srsltid=AfmBOorErzoBqEuUk3y865cb9FpH-dKx3xgu6FdbHn5tBzkCm2JNkrTd,apparel-men,
Aime Leon Dore,aimeleondore.com,aimeleondore.com,yes,https://www.aimeleondore.com/,apparel-men,
Awake NY,awakenyc.com,awakenyclothing.com,no,https://awakenyclothing.com/?srsltid=AfmBOopHohZlfD5DxDDLTfIRa0-fR8BzKzvg3j5eQcO7kNfDNrVPFvWE,apparel-men,
Bedwin,bedwin.tokyo,bedwintokyo.com,no,https://bedwintokyo.com/en?srsltid=AfmBOor4TrUl5VAkd_Kj-Npadf3ABBC192jwvjxBSS5MZfBpI7DqXi8z,apparel-men,
Dyne,dyne.life,dyne-tx.com,no,https://www.dyne-tx.com/,apparel-men,
Flint and Tinder,huckberry.com,huckberry.com,yes,https://huckberry.com/store/flint-and-tinder?srsltid=AfmBOorzRAB87We6AaqrkjIKiHUZzIhZHGfiiyMxL88ysxXnaCFF4AdM,apparel-men,
Frank And Oak,frankandoak.com,frankandoak.com,yes,https://www.frankandoak.com/,apparel-men,
Indochino,indochino.com,indochino.com,yes,https://www.indochino.com/?srsltid=AfmBOorxPediLOwPhiiVt8lmZz6WyVgbl5mYr3lmwSGGydablUZr8SxB,apparel-men,
Mack Weldon,mackweldon.com,mackweldon.com,yes,https://mackweldon.com/?srsltid=AfmBOooGfkccf4BnA2jqzkDq8dvocrH24fo87Z3_JFF5hpaBvotzH24x,apparel-men,
Norse Projects,norseprojects.com,norseprojects.com,yes,https://norseprojects.com/,apparel-men,
Public Rec,publicrec.com,nobullproject.com,no,https://nobullproject.com/collections/public-rec,apparel-men,
Rhone,rhone.com,rhone.com,yes,https://www.rhone.com/,apparel-men,
True Classic,trueclassic.com,trueclassictees.com,no,https://www.trueclassictees.com/?srsltid=AfmBOorXEE3JeheSY1L5Y7DRETs8AVYWSJCaNwv3tZ_zE8-ujovew-iG,apparel-men,
Vuori,vuoriclothing.com,vuoriclothing.com,yes,https://vuoriclothing.com/,apparel-men,
Wax London,waxlondon.com,waxlondon.com,yes,https://waxlondon.com/,apparel-men,
Wings + Horns,wingsandhorns.com,instagram.com,no,https://www.instagram.com/wingsandhorns/,apparel-men,
Birdwell Beach Britches,birdwell.com,birdwell.com,yes,https://www.birdwell.com/?srsltid=AfmBOopz41uu095c4qqdcaJUE-flqyQJikl64yttQnnwHdKOvTcukDfF,apparel-outdoor,
Captain Fin,captainfin.com,captainfin.com,yes,https://www.captainfin.com/?srsltid=AfmBOooD4h4dndRyN1o_Nez-hOk7LaM2aySjy3Mtq0LQaZvbnpzFI2On,apparel-outdoor,
Florence Marine X,florencemarinex.com,florencemarinex.com,yes,https://www.florencemarinex.com/?srsltid=AfmBOop_nZHDYbRXiBpxGz4r3h_unrzAG94j4IsgshZcgVEX8z08o3dO,apparel-outdoor,
Indyeva,indyeva.com,indyeva.com,yes,https://indyeva.com/en-us?srsltid=AfmBOor0breHjQSPe7wRFY2jK822y8HtLkBK2mlASqFdT-4w4L7hgyU9,apparel-outdoor,
Mollusk Surf,mollusksurfshop.com,mollusksurfshop.com,yes,https://mollusksurfshop.com/,apparel-outdoor,
Prana,prana.com,prana.com,yes,https://www.prana.com/?srsltid=AfmBOoqD85wJXhLpWP_EhBUJi0yhZqDdvTahS0BCKQPyrYgJ-0oHhaly,apparel-outdoor,
Roark,roark.com,roark.com,yes,https://roark.com/,apparel-outdoor,
Salty Crew,saltycrew.com,salty-crew.com,no,https://www.salty-crew.com/,apparel-outdoor,
Sundek,sundek.us,sundek.us,yes,https://sundek.us/,apparel-outdoor,
Vissla,vissla.com,vissla.com,yes,https://www.vissla.com/?srsltid=AfmBOoq1iJez0uYPT7ahOeFqdG5XCH6Ve-fxZ_5G38Q-9RSqnqKQz5Wd,apparel-outdoor,
Hanros,hanros.com,hanro.com,no,https://hanro.com/,apparel-sleepwear,
Lake Pajamas,lakepajamas.com,lakepajamas.com,yes,https://lakepajamas.com/?srsltid=AfmBOopBL6KxUrP4YkaSH3Ch9RYkBXjX4Y34izPHjtO_PBR_veocZe0B,apparel-sleepwear,
Plum Pretty Sugar,plumprettysugar.com,plumprettysugar.com,yes,https://plumprettysugar.com/?srsltid=AfmBOoqhZ1R7hv4OD8gKzQh1lCkm4qcWy2hopFR4H1_JrTV_541PiXbm,apparel-sleepwear,
Sant and Abel,santandabel.com,santandabel.com,yes,https://santandabel.com/?srsltid=AfmBOoo_tL0AQ5UyoBQn3HlpfxwrInxMtBQ8j5ngiTAjz1NCyQsUtuYV,apparel-sleepwear,
Sleeper,the-sleeper.com,sleeper.com,no,https://sleeper.com/,apparel-sleepwear,
Feetures,feetures.com,feetures.com,yes,https://feetures.com/?srsltid=AfmBOooJ1tx7jiNt2J44alUqjJmOeEyIyTXfgmdGAQA4v9Zd9xBlwflw,apparel-socks,
Happy Socks,happysocks.com,happysocks.com,yes,https://www.happysocks.com/us/maintenance-us,apparel-socks,
Smartwool,smartwool.com,smartwool.com,yes,https://www.smartwool.com/en-us?srsltid=AfmBOoppmfneXSMmkczVGFpWbXZctGh94BCNdrp1OG5JhQd_e5OdX1t0,apparel-socks,
Stance,stance.com,stance.com,yes,https://www.stance.com/?srsltid=AfmBOooG44vP3i9VidX7dVPh9_dCYIQamoJXJJT6XFUY19P8cJ6iOCQ5,apparel-socks,
Andie Swim,andieswim.com,andieswim.com,yes,https://andieswim.com/?srsltid=AfmBOoq4ou4EhfXUgbsx-eijiOS3LNxWASI_ZW0quXxHyEvJOnJ6mRNH,apparel-swim,
Bond-eye,bond-eye.com,bond-eye.com,yes,https://www.bond-eye.com/?srsltid=AfmBOoo0Xe0DgQ_Rf8Gug7QbbWSxDhucpGpr7T29nNtx9_2ypI0kvJd5,apparel-swim,
Frankies Bikinis,frankiesbikinis.com,frankiesbikinis.com,yes,https://frankiesbikinis.com/?srsltid=AfmBOopzNqCEdjMA4ULy-zpmNWW7F48J4Iu2PQ6MV3h8MSjMEYxCoO-X,apparel-swim,
Hunza G,hunzag.com,hunzag.com,yes,https://www.hunzag.com/?srsltid=AfmBOopaRHYmWCt_lEM7rlfJIfKikt1nfglNAfJIhFkCXWANdKDnpoTH,apparel-swim,
Onia,onia.com,onia.com,yes,https://onia.com/,apparel-swim,
Summersalt,summersalt.com,summersalt.com,yes,https://www.summersalt.com/,apparel-swim,
Vitamin A,vitaminaswim.com,ods.od.nih.gov,no,https://ods.od.nih.gov/factsheets/VitaminA-HealthProfessional/,apparel-swim,
Everlane,everlane.com,everlane.com,yes,https://www.everlane.com/,apparel-unisex,
Pact,wearpact.com,wearpact.com,yes,https://wearpact.com/,apparel-unisex,
Reiss,reiss.com,reiss.com,yes,https://www.reiss.com/us/en,apparel-unisex,
Stussy,stussy.com,stussy.com,yes,https://www.stussy.com/,apparel-unisex,
Cuyana,cuyana.com,cuyana.com,yes,https://cuyana.com/?srsltid=AfmBOorgig_zMrcGYpdcZnTY5UPbJiafsJa3DITWi6FGykbSTnFJzhB-,apparel-women,
Eileen Fisher,eileenfisher.com,eileenfisher.com,yes,https://www.eileenfisher.com/?srsltid=AfmBOopYqOm2IzXzszbyBB0qp2u6yDPNp9uTHHg5TqPK0jaxiNf0frNV,apparel-women,
Ganni,ganni.com,ganni.com,yes,https://www.ganni.com/us/home?srsltid=AfmBOor7rd00KAgNkSBq8UYDue8u1ZhmzdJYhmyU17ml4NpSawJAw1u5,apparel-women,
La Ligne,lalignenyc.com,lalignenyc.com,yes,https://lalignenyc.com/?srsltid=AfmBOorj-6A3GCubTK-ZXLMVenhhfjelEP3huxgrBiWCqybRBrscasX6,apparel-women,
Maje,maje.com,us.maje.com,yes,https://us.maje.com/,apparel-women,
Mara Hoffman,marahoffman.com,marahoffman.com,yes,https://marahoffman.com/,apparel-women,
Misha Nonoo,mishanonoo.com,instagram.com,no,https://www.instagram.com/mishanonoo/?hl=en,apparel-women,
Naadam,naadam.co,naadam.co,yes,https://naadam.co/?srsltid=AfmBOop_lLjsNCWjdEHyEOuEzYxNIDuorr3nf3L3j0zbE-D6e4Mg-IiU,apparel-women,
Quince,onequince.com,quince.com,no,https://www.quince.com/?srsltid=AfmBOorA3eDNTu2aIXOjPjjc7v0uoBc82vAfkmHbnQM5oBqYv4I53hau,apparel-women,
Reformation,thereformation.com,thereformation.com,yes,https://www.thereformation.com/?srsltid=AfmBOorQvUqG-pA-sAvvyLEFW9UMnWvaG1dFGGiH34O-sd9RuBxjnwdd,apparel-women,
Saint Art New York,saintart.com,saintartnewyork.com,no,https://saintartnewyork.com/collections/shop-all-2?srsltid=AfmBOoq18rxQBBknFpHP9cJDYZlM3Q_8OwouFKBCdw25g2HsvyKbiuyb,apparel-women,
Sandro,sandro-paris.com,us.sandro-paris.com,yes,https://us.sandro-paris.com/,apparel-women,
Sea New York,seanewyork.com,sea-ny.com,no,https://sea-ny.com/?srsltid=AfmBOoo3V0ShmCKPXtbFYVWvxQ8TKkRn9h0JDwFtP43_83R5r5173Yty,apparel-women,
Sezane,sezane.com,sezane.com,yes,https://www.sezane.com/us-en,apparel-women,
Spell,spell.co,usa.spell.co,yes,https://usa.spell.co/,apparel-women,
The Frankie Shop,thefrankieshop.com,thefrankieshop.com,yes,https://thefrankieshop.com/,apparel-women,
Vince,vince.com,vince.com,yes,https://www.vince.com/home?srsltid=AfmBOooUnSIpjSHEeoVMcI95HjkH4s4KrBXBbvXS66wJtHRoNE7Hrb-1,apparel-women,
Pipette,pipettebaby.com,pipettebaby.com,yes,https://www.pipettebaby.com/?srsltid=AfmBOorM0W6hiexkul8ghqF0lo0XFdGl2hA5c0j6lSyfQk6bKPdy1I29,baby,
Tubby Todd,tubbytodd.com,tubbytodd.com,yes,https://tubbytodd.com/?srsltid=AfmBOoqx5CwuttUoImBhJDvMTL56dPM6c8oRlRUX8DgKz3fwyWBMkE0O,baby,
Goumi Kids,goumikids.com,goumikids.com,yes,https://goumikids.com/?srsltid=AfmBOorOhDybwwa_79QXuP7GkjsyygUbkjmVW5lpl1UuYRBiS_d9JAeL,baby-apparel,
Hanna Andersson,hannaandersson.com,hannaandersson.com,yes,https://www.hannaandersson.com/?srsltid=AfmBOopd7mKoHykIL07L5hcZeTQac5Nd0Lgvvd8dXo0Q7kVpNrAigwlp,baby-apparel,
Magnetic Me,magneticme.com,magneticme.com,yes,https://magneticme.com/?srsltid=AfmBOop0ujIdhHRyeppqnDz0wIVSRsKcOkYN7n5E7VLMhngQ643wApZi,baby-apparel,
Monica + Andy,monicaandandy.com,monicaandandy.com,yes,https://monicaandandy.com/?srsltid=AfmBOoroFjavy9K76D2C7pAcDBME02OlLoUBaU5Vd7IaeQKTlicmJgoe,baby-apparel,
Olive + Page,oliveandpage.com,oliveandpage.com,yes,https://oliveandpage.com/?srsltid=AfmBOopNlArNr9Uc1JlyPw9asvYIxsH5BiZcpDm0bsdogPUd6MDSUzo1,baby-apparel,
Posh Peanut,poshpeanut.com,poshpeanut.com,yes,https://poshpeanut.com/?srsltid=AfmBOoohSzS64fh0j9R93AizKDXPR6qMBQVPnGWcujp7Ch4A7PaJigQ2,baby-apparel,
Bobbie,hibobbie.com,hibobbie.com,yes,https://www.hibobbie.com/?srsltid=AfmBOorgb8NclaDP2xM7mzErgTmcxHlpFUcqnxZPoUXy8Uu3_RdVRLBI,baby-food,
Babyletto,babyletto.com,babyletto.com,yes,https://babyletto.com/?srsltid=AfmBOooev58euRAveB8l0axfotMYpTmmvIeJuttsN6oDsrGMPvvMQzIG,baby-furniture,
Crane USA,craneusa.com,crane-usa.com,no,https://crane-usa.com/?srsltid=AfmBOorH5UBbdq3xNavlnO0SgHgqisOXsuA4EEeONgH4CXp1y3xLz_YH,baby-gear,
Doona,doona.com,doona.com,yes,https://www.doona.com/en-us?srsltid=AfmBOoreBBGQEqhdl4dPLNEvJDNXG5CbN54MJxelATy2GEn25zQa8gb3,baby-gear,
Frida,frida.com,frida.com,yes,https://frida.com/?srsltid=AfmBOooUc6iJxk_PWQfhBnuI4LF-vE638xoAsNsv5_3IVXif88hpdj6p,baby-gear,
The Tot,thetot.com,thetot.com,yes,https://thetot.com/,baby-marketplace,
Aden + Anais,adenandanais.com,halosleep.com,no,https://www.halosleep.com/pages/aden-and-anais?srsltid=AfmBOoovjHbsu5ZJ10oh3BNKMxrkbjvmAle8VZe_y2EZDEsVkFk28Dyv,baby-textiles,
Pehr,pehrdesigns.com,pehr.com,no,https://pehr.com/?srsltid=AfmBOopCued30A3z7FFZ6CM-WSdYN3zHS-3i7iJB-TwgVpcIAT35gVhO,baby-textiles,
Lovevery,lovevery.com,lovevery.com,yes,https://lovevery.com/?srsltid=AfmBOoqrHTzIcKyeF6LvZqBnl3s-w4J8ddNKPhrM5zjCtL_GsfhrylqI,baby-toys,
Away,awaytravel.com,awaytravel.com,yes,https://www.awaytravel.com/?srsltid=AfmBOorNVzUfICn_X8M5yJfxObfyWjN9vUay3vRgUQvU-qqsZ2QnZdDl,bags-travel,
Bellroy,bellroy.com,bellroy.com,yes,https://bellroy.com/?srsltid=AfmBOoqvuurDGYyX1ElknD9xPB9sktgFHNhRiXKIDooKob1RawA4qZD9,bags-travel,
Knack,knackbags.com,knack.com,no,https://www.knack.com/,bags-travel,
Paravel,tourparavel.com,paravelco.com,no,https://paravelco.com/,bags-travel,
Roam,roamluggage.com,withroam.com,no,https://www.withroam.com/,bags-travel,
Tortuga,tortugabackpacks.com,translate.google.com,no,https://translate.google.com/?um=1&ie=UTF-8&hl=en&client=tw-ob#es/en/Tortuga,bags-travel,
Polene,polene-paris.com,eng.polene-paris.com,yes,https://eng.polene-paris.com/?srsltid=AfmBOooRXMQMs52ST1gNFeSeRlJur2P9H4Wk-ugeOSy1pLxXgKlRg2eq,bags-women,
Senreve,senreve.com,senreve.com,yes,https://www.senreve.com/?srsltid=AfmBOorI3tMZRALsvZVNhFH-5eKiPTFgpk88rvX_q6unmXy_WCvOg88s,bags-women,
Strathberry,strathberry.com,strathberry.com,yes,https://www.strathberry.com/,bags-women,
PMG Beauty,pmg-beauty.com,patmcgrath.com,no,https://www.patmcgrath.com/?srsltid=AfmBOoqPdt6eLz9DVLoKsL0XizwlVXqIOf9iAVnPaC9VjD0H2WvXADj9,beauty,
Maelys Cosmetics,maelys.com,maelyscosmetics.com,no,https://www.maelyscosmetics.com/?srsltid=AfmBOorUd3NgustnB97ylS3UT_aUE8D4bLf8MTv88GjKS4XFgf3_YifA,beauty-bodycare,
Necessaire,necessaire.com,necessaire.com,yes,https://necessaire.com/?srsltid=AfmBOorsoorJDNefEt_j6Rbow-9Plm17sn9bi5r9GSlZ6LEYHOLQl3Ex,beauty-bodycare,
Soft Services,softservices.com,softservices.com,yes,https://softservices.com/?srsltid=AfmBOoqY9giWwuqUg_cOEhXgtIQ3Fys6ND42olc5Hi3fXUemjLuHx1QO,beauty-bodycare,
Aquis,aquis.com,aquissolutions.com,no,https://aquissolutions.com/,beauty-hair,
Briogeo,briogeohair.com,briogeohair.com,yes,https://www.briogeohair.com/,beauty-hair,
Color Wow,colorwowhair.com,colorwowhair.com,yes,https://colorwowhair.com/?srsltid=AfmBOoqCcYU2YLDnw8Kw6aI0LJhby4XLx2M0VwNDYQkIu7W3KH6eh-It,beauty-hair,
Crown Affair,crownaffair.com,crownaffair.com,yes,https://www.crownaffair.com/?srsltid=AfmBOor2F2DoqyfLT_akQ084k2ZVUzoZzkEUJ3nfUOyB84j6OzqiTzdi,beauty-hair,
Daub & Design,daubanddesign.com,daubanddesign.com,yes,https://daubanddesign.com/?srsltid=AfmBOoqh4h0uJM5UGt91Dwbq2nRgps5kGrhrNjYZ8jUwerZhh0euXqmh,beauty-hair,
DPHUE,dphue.com,dphue.com,yes,https://dphue.com/?srsltid=AfmBOooxYKEAPhuS0AYoLx4y_h-OT0F5hjzLY_0C5Ox7Pzao1L-yGeeT,beauty-hair,
Drybar,thedrybar.com,drybar.com,no,https://www.drybar.com/?srsltid=AfmBOoqhQa48V0DMQzjQYEH68cUD6d6tbahNah6eJZcEnZK25STgcIRd,beauty-hair,
Eva NYC,evanyc.com,eva-nyc.com,no,https://eva-nyc.com/?srsltid=AfmBOopfBZ419xrRSb2USW0qWA3HF3VxkE9pfgOosU8gtqTRO8-wg8FP,beauty-hair,
Function of Beauty,functionofbeauty.com,functionofbeauty.com,yes,https://functionofbeauty.com/?srsltid=AfmBOoowRZ_gWLSFbATUZMK7X2zu_iMWfnA8lczZaID6f0smbQa9gKGA,beauty-hair,
Hally Hair,hallyhair.com,hallyhair.com,yes,https://hallyhair.com/?srsltid=AfmBOopZJVFvNxQL5gk7SZvnBpi3U-AHnXeXtkDuU2mwtFbdeTJSroK5,beauty-hair,
K18,k18hair.com,k18hair.com,yes,https://www.k18hair.com/,beauty-hair,
Madison Reed,madison-reed.com,madison-reed.com,yes,https://www.madison-reed.com/?srsltid=AfmBOooN-_aG_ozIupVG7rKQkqbBP-MQVSMA9aIsai4xA9IurGHyF4Zv,beauty-hair,
Mielle Organics,mielleorganics.com,mielleorganics.com,yes,https://mielleorganics.com/?srsltid=AfmBOopB7O_5MvKO3zCS6zfr5X3sHl7MnuPhqxCQXLbt1mgilRpIshUd,beauty-hair,
Sienna Naturals,siennanaturals.com,siennanaturals.com,yes,https://www.siennanaturals.com/?srsltid=AfmBOorNEqpnX0y0psy8Xyt4_jrQp2yREWFeMrxnyW0dFa4eYdP32gXY,beauty-hair,
Slip,slip.com,slip.com,yes,https://www.slip.com/?srsltid=AfmBOoq3fH5FZ8q0Hlxbb1C48G_QaPmpQIxAWZ6mwjhx9MBfLc3xU1m_,beauty-hair-accessories,
Glamnetic,glamnetic.com,glamnetic.com,yes,https://www.glamnetic.com/?srsltid=AfmBOorgPMUY3ZxxqshZrXPsuu6HZVEbImtn6QWgm2DETkmeYZzkDp4R,beauty-lashes,
House of Lashes,houseoflashes.com,houseoflashes.com,yes,https://houseoflashes.com/?srsltid=AfmBOorQjKTbRGL0D6uzOgR7IwZaR-a3jYmVzXEk36JATBVX2B4npgC_,beauty-lashes,
Lash Star,lashstarbeauty.com,lashstarbeauty.com,yes,https://www.lashstarbeauty.com/?srsltid=AfmBOoqGzZ4AuCP-EVBybnfYVX8U8WtSwne0ex6rBFA0hCQA43JDan6z,beauty-lashes,
Velour Lashes,velourbeauty.com,velourbeauty.com,yes,https://velourbeauty.com/collections/all-lashes?srsltid=AfmBOopPa5TTvyuvi8yu78g6eultgsJZPPXvrO4YCBvHY9Uhq69xz5tz,beauty-lashes,
Charlotte Tilbury,charlottetilbury.com,charlottetilbury.com,yes,https://www.charlottetilbury.com/us?srsltid=AfmBOoqXGq32cC-Estn7L-cgWLI4aM_w1aeIds5XYUzfRwJg8XnFAI22,beauty-makeup,
ColourPop,colourpop.com,colourpop.com,yes,https://colourpop.com/?srsltid=AfmBOoruXKePZ7ZMBA07FRI8LOXPZGbr9crmNgJNnSCKm3N5CCc-0Ujm,beauty-makeup,
ILIA,iliabeauty.com,iliabeauty.com,yes,https://iliabeauty.com/,beauty-makeup,
Item Beauty,itembeauty.com,instagram.com,no,https://www.instagram.com/itembeauty/?hl=en,beauty-makeup,
Lawless Beauty,lawlessbeauty.com,lawlessbeauty.com,yes,https://lawlessbeauty.com/?srsltid=AfmBOorfy7gKRRe1JMrnPte4Bs5A46wKtVyoIU9IIbv-flO4zqhNPjJs,beauty-makeup,
Nudestix,nudestix.com,nudestix.com,yes,https://www.nudestix.com/?srsltid=AfmBOoodcTemZSfUMmOqew_SjnJgK-8WRMwZCazp2Kd15aBnyaySHvk8,beauty-makeup,
Patrick Ta,patrickta.com,patrickta.com,yes,https://patrickta.com/,beauty-makeup,
Pyt Beauty,pytbeauty.com,amazon.com,no,https://www.amazon.com/stores/PYTBeauty/page/5263AEB4-4AA3-4EFA-9FC3-71C4E902252D,beauty-makeup,
Saie,saiehello.com,saiehello.com,yes,https://saiehello.com/?srsltid=AfmBOoqtdiDQjqxNu8jKamJlciI11evhaavKeFoq6gXhGNFVubKiPds0,beauty-makeup,
Tarte,tartecosmetics.com,tartecosmetics.com,yes,https://tartecosmetics.com/?srsltid=AfmBOoq136Y-G2uq0QGtSiu2gihDkoiyk5MeFMQs1Pxpr3R_v7ULDYND,beauty-makeup,
The Lip Bar,thelipbar.com,thelipbar.com,yes,https://thelipbar.com/?srsltid=AfmBOorXVbJFnTXdejYIBoVR5awRAmS6-zFAktB1Hr6o32O_cF5Z8Nh-,beauty-makeup,
Westman Atelier,westman-atelier.com,westman-atelier.com,yes,https://www.westman-atelier.com/?srsltid=AfmBOopcpbXvJr8_7V8kbhOGP9BNqxfLkhYJI1QBEjVDxa-TjoNAPMNn,beauty-makeup,
Oars + Alps,oarsandalps.com,oarsandalps.com,yes,https://www.oarsandalps.com/?srsltid=AfmBOood3BPEze3zwuvCKrWf7ra4aSfCJftvDgW47ZqElWFG7BIh39KF,beauty-mens-skincare,
Riley Rose,rileyrose.com,instagram.com,no,https://www.instagram.com/rileyrose/?hl=en,beauty-multi,
Acure,acure.com,acure.com,yes,https://acure.com/?srsltid=AfmBOoqSX_kRxmRmngwBvcrHZz7977e5OC8EZskH-Ty0yOFIp_9EyMJi,beauty-skincare,
Augustinus Bader,augustinusbader.com,augustinusbader.com,yes,https://augustinusbader.com/us/en/,beauty-skincare,
Beauty Pie,beautypie.com,beautypie.com,yes,https://www.beautypie.com/us?srsltid=AfmBOopIJ-9v0--uApPYk8YWjj6FMaqKKDI-jxpTDcOVscIc_UomdOFe,beauty-skincare,
Belif,belifusa.com,lgbeauty.com,no,https://lgbeauty.com/brands/belif?srsltid=AfmBOorzu0I5TAVvH48zSYTGTzvtafdaGN1kSTVEknUZ-LHURm-yK5h4,beauty-skincare,
Bliss,blissworld.com,blissvillagestoreanddeli.com,no,https://www.blissvillagestoreanddeli.com/,beauty-skincare,
Bubble Skincare,bubbleskincare.com,hellobubble.com,no,https://hellobubble.com/?srsltid=AfmBOooRzzeWfcy19CNa8EIuybPxZWmBJco6bmni14i7e8pjhAV3bNJZ,beauty-skincare,
Hero Cosmetics,herocosmetics.us,herocosmetics.us,yes,https://www.herocosmetics.us/,beauty-skincare,
Holifrog,holifrog.com,holifrog.com,yes,https://holifrog.com/?srsltid=AfmBOor4gAf3X5bR7TG6ArJzKWCPvcKzRfW0l1ffeQbmlPd7TgsI15Y9,beauty-skincare,
Naturium,naturium.com,naturium.com,yes,https://naturium.com/?srsltid=AfmBOopTf6dwinB4JyyKd1v2KHlNWC-1pxUAZc8zFgxKCfY0TiQ6xl7y,beauty-skincare,
Selfless by Hyram,selflessbyhyram.com,us.selflessbyhyram.com,yes,https://us.selflessbyhyram.com/?srsltid=AfmBOor8Adx_YrPYSdMBuBN9gs3zt9mulxWv3uAM1ApTu6jy7_Jg6UmE,beauty-skincare,
Summer Fridays,summerfridays.com,summerfridays.com,yes,https://summerfridays.com/?srsltid=AfmBOoqp9o1PUZDSwGRUW3svdtb_0aDVz8moPS9cBtJCR5-buHTCPEZm,beauty-skincare,
Tatcha,tatcha.com,tatcha.com,yes,https://tatcha.com/?srsltid=AfmBOoo5DANsaW4Yw4miP3aAdF5LEG09r0mFYfsANMhFVs-V_WukGQ4o,beauty-skincare,
The Outset,theoutset.com,theoutset.com,yes,https://theoutset.com/?srsltid=AfmBOop8SefTZWfQ3H1rbMqjd0pF7ah0vCNEeAeAcMj_fiyYtveKw-Ua,beauty-skincare,
Topicals,topicals.com,mytopicals.com,no,https://mytopicals.com/?srsltid=AfmBOopYoDnLH3mv_P-vyrTGOoQX2S9P8_DNqUM9dM4Raz_Lrge3RPCi,beauty-skincare,
Tower 28,tower28beauty.com,tower28beauty.com,yes,https://www.tower28beauty.com/?srsltid=AfmBOopm3I_Yn-i1tT6HbOYf0rPPuEtUnMt6qSII865IK1sb7YwPJ2wE,beauty-skincare,
Tula,tula.com,babytula.com,no,https://babytula.com/?srsltid=AfmBOoqAy7l5jw4wGKQg9nQziCe_MC3txMSlPGc_JDBJnp3iCL6ULkXw,beauty-skincare,
Youth To The People,youthtothepeople.com,youthtothepeople.com,yes,https://www.youthtothepeople.com/?srsltid=AfmBOoo5mhq8xG_amtsCfjT30IygaOekKBQ5dUeAVh-QGOl3q_JOtDXb,beauty-skincare,
Bask Suncare,basksuncare.com,basksuncare.com,yes,https://basksuncare.com/?srsltid=AfmBOorA6opMWl72TwkJxDlxFXgiT5lPAFSJXZkJkbUQy7wHali6FK9E,beauty-suncare,
Bondi Sands,bondisands.com,bondisands.com,yes,https://bondisands.com/?srsltid=AfmBOorQyzFmf-DhZBCLh1E_Mk7ZEgqaxK9Si4ezPMJHXw2B5__HZdX3,beauty-suncare,
Coola,coola.com,coola.com,yes,https://coola.com/,beauty-suncare,
Brio,briolife.com,brioitalian.com,no,https://www.brioitalian.com/,beauty-tools,
Foreo,foreo.com,foreo.com,yes,https://www.foreo.com/?srsltid=AfmBOoopF2o9Vkvwex3bZuwljqfU4Y1KjuMs5Y9JUzTf-ZSzZLgdg196,beauty-tools,
GHD,ghdhair.com,ghd.com,no,https://www.ghd.com/,beauty-tools,
LightStim,lightstim.com,lightstim.com,yes,https://lightstim.com/?srsltid=AfmBOor4_jaIwZAmkjhK77RVfwePVElBj5ydT4LiCIL-STIrzNFL6jvE,beauty-tools,
NuFace,mynuface.com,mynuface.com,yes,https://www.mynuface.com/?srsltid=AfmBOoo1s0WZ1T0qWLlIZobdOZCsHlibUzi6Tdn4JfpC-NaS6niw88-i,beauty-tools,
T3 Micro,t3micro.com,t3micro.com,yes,https://t3micro.com/?srsltid=AfmBOooA3OQSH6OU5zFL9ReVHfz2CfYnJ5VPfptzmavsvIklqK7yR_hV,beauty-tools,
Aplos,aplos.world,eataplos.com,no,https://eataplos.com/,beverage,
Athletic Brewing,athleticbrewing.com,athleticbrewing.com,yes,https://athleticbrewing.com/,beverage,
Best Day Brewing,bestdaybrewing.com,bestdaybrewing.com,yes,https://bestdaybrewing.com/?srsltid=AfmBOop8SgWPzEX6wFEID0lz9mwnQrGvTZDdInSiFlJeHfMSQK-ELAve,beverage,
Bevvy,bevvy.com,bevvy.co,no,https://bevvy.co/,beverage,
Cure Hydration,curehydration.com,curehydration.com,yes,https://www.curehydration.com/?srsltid=AfmBOoo3Cio5Jb7ZSQKGBimkaFnn1OpS8y4QAh3bMwIi-oV9oaA15Ua9,beverage,
De Soi,drinkdesoi.com,drinkdesoi.com,yes,https://drinkdesoi.com/?srsltid=AfmBOopeaTjTnr-5CnHUbKxr5XIi0RVA86laYx9HyAcZm6J-26JMHI4I,beverage,
Ghia,drinkghia.com,drinkghia.com,yes,https://drinkghia.com/?srsltid=AfmBOoq7r6CfsyEyA6tGYud0gyU8XKZCyEy_b3zjT8UzLpxWtPae-wzu,beverage,
Hint,drinkhint.com,drinkhint.com,yes,https://www.drinkhint.com/,beverage,
Kin Euphorics,kineuphorics.com,kineuphorics.com,yes,https://www.kineuphorics.com/?srsltid=AfmBOorSsPV8QmsS3cXnfVK4r0RpVeICLUu_5bCOS4xczQXlB4T8GuMK,beverage,
Liquid Death,liquiddeath.com,liquiddeath.com,yes,https://liquiddeath.com/?srsltid=AfmBOoqMTmu6PDZQN8Qzw-YpEJGRaEFmwXWWsTD2tUf5iJtWwGtVQLLZ,beverage,
Poppi,drinkpoppi.com,drinkpoppi.com,yes,https://drinkpoppi.com/?srsltid=AfmBOoo5Mzwx-5pddAb3W1PWjRbM8wUMIZIs-Glm3uBo_o3eVYUeE-2C,beverage,
Recess,takearecess.com,takearecess.com,yes,https://takearecess.com/,beverage,
Seedlip,seedlipdrinks.com,seedlipdrinks.com,yes,https://www.seedlipdrinks.com/en-us/home?srsltid=AfmBOoqpQbYZcCZcD34kgRJthMIkt_jJjk6N15cKeNk5vvQgcO0F454E,beverage,
Spindrift,drinkspindrift.com,drinkspindrift.com,yes,https://drinkspindrift.com/?srsltid=AfmBOopZaYTPBDLcYCdAOXwshLa-fNAEz64uILCgmt7giW_uzLxRA2WX,beverage,
Surely,hisurely.com,drinksurely.com,no,https://www.drinksurely.com/?srsltid=AfmBOooa8kJ-H2nVcW5zbNnRZ55B-NCyKpwZn2Pp-kX2-yuwahNoSlDV,beverage,
Talea Beer,taleabeer.com,taleabeer.com,yes,https://www.taleabeer.com/?srsltid=AfmBOooLI-KfWNaVdzWzA7DnFhbNNnqvCJDSrSaxcgWInq6sYAi4xFRT,beverage,
Yerba Madre,drinkyerbamadre.com,yerbamadre.com,no,https://yerbamadre.com/,beverage,
Bellocq,bellocq.com,bellocqtea.com,no,https://www.bellocqtea.com/?srsltid=AfmBOoqUkQLORPpr2-Ca9oO6vPS_wfP-qnu_KlvDbrjGCh3D893lUul9,beverage-tea,
Bigelow Tea,bigelowtea.com,bigelowtea.com,yes,https://www.bigelowtea.com/?srsltid=AfmBOorp6zP4JDZlQ9KscHpai-L7eD4D_F3s_0jl_wMuZ2kvLMv1aBxD,beverage-tea,
Pique Tea,piquelife.com,piquelife.com,yes,https://www.piquelife.com/?srsltid=AfmBOoqiJfEmUxcOZUF_Sfqox8hAN0vjm7GfbtHrr0hLjZE3YrJ_jYGa,beverage-tea,
Pukka Herbs,pukkaherbs.com,pukkaherbs.com,yes,https://www.pukkaherbs.com/,beverage-tea,
Republic of Tea,republicoftea.com,republicoftea.com,yes,https://www.republicoftea.com/?srsltid=AfmBOoroGtuQzSzMq5lv4E1LLhvhVrIT2ZWAsW1ePfx8VKCQXrAcye5A,beverage-tea,
Tea Forte,teaforte.com,teaforte.com,yes,https://teaforte.com/?srsltid=AfmBOorKZ_dKDOX9jGh-V4f04UQw_vxaXbQEhP9KXaAOtkNP9K1CG8dN,beverage-tea,
Vahdam Teas,vahdam.com,vahdam.com,yes,https://www.vahdam.com/?srsltid=AfmBOor3jqOaxuAIBEYyriNSWnBstDk-m_2qGhytK3hx7puSCyk2ocKJ,beverage-tea,
Yogi Tea,yogiproducts.com,yogi-life.com,no,https://yogi-life.com/en-US,beverage-tea,
Bkr,mybkr.com,finance.yahoo.com,no,https://finance.yahoo.com/quote/BKR/,beverage-ware,
Bottlekeeper,bottlekeeper.com,amazon.com,no,https://www.amazon.com/BottleKeeper-Standard-Original-Stainless-Insulator/dp/B07T73QB1F,beverage-ware,
Corkcicle,corkcicle.com,corkcicle.com,yes,https://corkcicle.com/,beverage-ware,
LARQ,livelarq.com,livelarq.com,yes,https://www.livelarq.com/?srsltid=AfmBOoq8WTrTqcOFcBvdrgWZSCvONIJLiNePUM0SlyulYGR7lPSc1Dzx,beverage-ware,
Memobottle,memobottle.com,memobottle.com,yes,https://www.memobottle.com/,beverage-ware,
Owala,owalalife.com,owalalife.com,yes,https://owalalife.com/?srsltid=AfmBOookLYSHK6s262Os2NymGcd--Pv8HxfAgLXnSlu78RgaAL0DtSEL,beverage-ware,
S'well,swell.com,swell.com,yes,https://www.swell.com/?srsltid=AfmBOoo-8yRI25zFWeZwvwKW7585Kvask4CsgV0nRdtHu6a-J0xGvEue,beverage-ware,
Otherland,otherland.com,otherland.com,yes,https://www.otherland.com/?srsltid=AfmBOop0xiJ4EYGsj0YYHYjP_ZB8Yy-HdpBS9XuPsIFexhxsfOvDTLpy,candles,
Trudon,trudon.com,trudon.com,yes,https://trudon.com/us_en/,candles,
Voluspa,voluspa.com,voluspa.com,yes,https://voluspa.com/?srsltid=AfmBOorpbLIH4hF4jhwAESbE_vo48RIhDpD1pez5GARDCu_i7hP7lBX6,candles,
Atlas Coffee Club,atlascoffeeclub.com,atlascoffeeclub.com,yes,https://atlascoffeeclub.com/,coffee,
Bean Box,beanbox.com,beanbox.com,yes,https://beanbox.com/?srsltid=AfmBOooIppLbSx75hO30jEAaQtsiiqAuaVEZviMUwHHtO2H6t2ntPo7R,coffee,
Cometeer,cometeer.com,cometeer.com,yes,https://cometeer.com/?srsltid=AfmBOoohOKXYN47heDqgOBbJ92SOGYUDs_FfwRehTxPR36QYZNHMwZs8,coffee,
Driftaway Coffee,driftaway.coffee,driftaway.coffee,yes,https://driftaway.coffee/,coffee,
Trade Coffee,drinktrade.com,drinktrade.com,yes,https://www.drinktrade.com/?srsltid=AfmBOor3nw5gIHO3NDnPGOdg0vmai6y6N6Q_96Ag_llqCy7jqjzt46h1,coffee,
Castelli,castelli-cycling.com,castelli-cycling.com,yes,https://www.castelli-cycling.com/US/en/?srsltid=AfmBOoppdpGQyoHem8tk8WafjSshNlv5VPJQaREDrpaDHZtpR6WOfG1y,cycling,
MAAP,maap.cc,maap.cc,yes,https://maap.cc/us,cycling,
Pas Normal Studios,pasnormalstudios.com,pasnormalstudios.com,yes,https://www.pasnormalstudios.com/,cycling,
Rapha,rapha.cc,rapha.cc,yes,https://www.rapha.cc/us/en,cycling,
Ace & Tate,aceandtate.com,aceandtate.com,yes,https://www.aceandtate.com/us,eyewear,
EyeBuyDirect,eyebuydirect.com,eyebuydirect.com,yes,https://www.eyebuydirect.com/,eyewear,
Felix Gray,felixgrayglasses.com,felixgray.com,no,https://felixgray.com/?srsltid=AfmBOoqvQZDC06bMFSPNduyneZip9GDLq36XH3vqHj7o0t-MxcD5t5ui,eyewear,
Pair Eyewear,paireyewear.com,paireyewear.com,yes,https://paireyewear.com/?srsltid=AfmBOoqvsc8qyLNNB_sQ-5f4_arb4bH4pbMmfqvpoE-qgeHDJldP4yr1,eyewear,
Polite Society,wearpolite.com,politesociety.com,no,https://politesociety.com/?srsltid=AfmBOorKUWrZwosPTLSAPiGKgrg5TOvLncvs2OPmUJi7etrRs0-QIX8c,eyewear,
Quay,quayaustralia.com,quay.com,no,https://www.quay.com/?srsltid=AfmBOoreAfQVzU28XdNeLYKKDvTz5DP8xgz1hS4IHBUwQ5eQ0xkAopCo,eyewear,
Vooglam,vooglam.com,vooglam.com,yes,https://www.vooglam.com/?srsltid=AfmBOopawaV4wk9Ok7rLaRy402YZ1YmSwH-CmubP5BF-leFpfmKr1gUs,eyewear,
Warby Parker,warbyparker.com,warbyparker.com,yes,https://www.warbyparker.com/,eyewear,
Yun,yun.com,avatar.fandom.com,no,https://avatar.fandom.com/wiki/Yun,eyewear,
Zenni,zennioptical.com,zennioptical.com,yes,https://www.zennioptical.com/?srsltid=AfmBOopRYOGRe6uguel9NbV39atrDQ_0zTdg7YRfVNmP65iWE_WgsKaM,eyewear,
Farmgirl Flowers,farmgirlflowers.com,farmgirlflowers.com,yes,https://farmgirlflowers.com/?srsltid=AfmBOoo24ayIeGqfMufKwGeXLU0-TcDK7S_872HGU_Dq9lGlB7qFrIAy,flowers,
The Bouqs,bouqs.com,bouqs.com,yes,https://bouqs.com/?srsltid=AfmBOorw8cMFux6A-pfPx9lLnArGNR1mUTl-VhqXgbXc9Vd8QYGzumIg,flowers,
UrbanStems,urbanstems.com,urbanstems.com,yes,https://urbanstems.com/?srsltid=AfmBOopnYafRV9WS7jVC8IjujrQqtvuRY7g8h1VHS56Jq9MijZ1_iqQY,flowers,
Magic Spoon,magicspoon.com,magicspoon.com,yes,https://magicspoon.com/?srsltid=AfmBOoqWrC2zV3ucD0lGoDTxCGGLizPylz5Gts5UN-JB0Bq-jXSw052-,food-cereal,
Goldbelly,goldbelly.com,goldbelly.com,yes,https://www.goldbelly.com/,food-marketplace,
Daily Harvest,daily-harvest.com,daily-harvest.com,yes,https://daily-harvest.com/?srsltid=AfmBOorIPRhqmtKOvbYs3nAUlMVNr4ecluDd7ddyORBQWDnrvNw5d9Qp,food-meal,
Hungryroot,hungryroot.com,hungryroot.com,yes,https://www.hungryroot.com/,food-meal,
Imperfect Foods,imperfectfoods.com,imperfectfoods.com,yes,https://www.imperfectfoods.com/,food-meal,
Misfits Market,misfitsmarket.com,misfitsmarket.com,yes,https://www.misfitsmarket.com/?srsltid=AfmBOoqJJ6ibYHSqV0zHZSot8kr5Kl-2ZhFRihs6TCItQ-vAwW23qQcZ,food-meal,
Splendid Spoon,splendidspoon.com,splendidspoon.com,yes,https://splendidspoon.com/,food-meal,
Sun Basket,sunbasket.com,sunbasket.com,yes,https://sunbasket.com/?srsltid=AfmBOopx0Tk2etv8rbj7vfZlSgY62noAGfc6s2QaPBAhcfNqiqIUWcgf,food-meal,
Bonafide Provisions,bonafideprovisions.com,bonafideprovisions.com,yes,https://www.bonafideprovisions.com/,food-pantry,
Eat Banza,eatbanza.com,eatbanza.com,yes,https://www.eatbanza.com/?srsltid=AfmBOopxEfa_o2-75Lz9e89POzbcZNh-rJDWkkJ--VdoloExhIkYrJPO,food-pantry,
Fancy Sprinkles,fancysprinkles.com,fancysprinkles.com,yes,https://www.fancysprinkles.com/?srsltid=AfmBOoqmimSotCJ4Iw0c0vd0ex8WVOH8a975K1z-FPyN_M3Dl0lpYxYZ,food-pantry,
Goodles,goodles.com,goodles.com,yes,https://www.goodles.com/?srsltid=AfmBOooOrN-zLH1EUPbwasBUnlUhtKDjT3PsUBxuNdvyeGYiWm9gyOeC,food-pantry,
Kettle & Fire,kettleandfire.com,kettleandfire.com,yes,https://www.kettleandfire.com/?srsltid=AfmBOopzAs1nrcZ3rKAmi4FH3-userWNKKH3KZJYqvgVZU9r5nQ8So01,food-pantry,
Necessary Foods,necessaryfoods.com,briana-thomas.com,no,https://www.briana-thomas.com/necessary-food/,food-pantry,
Thrive Market,thrivemarket.com,thrivemarket.com,yes,https://thrivemarket.com/,food-pantry,
88 Acres,88acres.com,88acres.com,yes,https://88acres.com/?srsltid=AfmBOoqy83-7phDOEH0Cy2Txbo0U2ZBMCEGS22xlv8iRfGaws8u2RGJo,food-snacks,
Bobo's,eatbobos.com,eatbobos.com,yes,https://eatbobos.com/?srsltid=AfmBOop04tdX_eQyWYfKmCDsoGh9cHE_k-TEfhYQkwYNQGcaCDNtM_9C,food-snacks,
Catalina Crunch,catalinacrunch.com,us.catalinacrunch.com,yes,https://us.catalinacrunch.com/?srsltid=AfmBOopAXaI_pYehLUblOT32bh3uuUNwMPQ1cFh0-vkVvoK0qMZiENlm,food-snacks,
Daily Crunch,dailycrunchsnacks.com,dailycrunchsnacks.com,yes,https://www.dailycrunchsnacks.com/?srsltid=AfmBOornfZOcl128raaa_Ll__jf-E3nT1tBp5NM3Wxbu5-rAel7PRPPm,food-snacks,
Hu Kitchen,hukitchen.com,hukitchen.com,yes,https://hukitchen.com/?srsltid=AfmBOoqGXBLV1fDLW3KUvARy1djFNTVEvRxQflAOyRALLrKLRnvzc0mL,food-snacks,
Mid-Day Squares,middaysquares.com,middaysquares.com,yes,https://www.middaysquares.com/?srsltid=AfmBOooeGSvgRL456NTS1gyDsyCnjGxhFn-0czKiXr3UD8Xjcmy_3lET,food-snacks,
Pipcorn,pipsnacks.com,pipsnacks.com,yes,https://www.pipsnacks.com/,food-snacks,
RXBAR,rxbar.com,rxbar.com,yes,https://www.rxbar.com/en_US/home.html,food-snacks,
Siete Foods,sietefoods.com,sietefoods.com,yes,https://sietefoods.com/?srsltid=AfmBOooDWVoZu7TComECZA3degZLcTAI3fS5KH291Na6mVphYWA5ZR6S,food-snacks,
Smart Sweets,smartsweets.com,smartsweets.com,yes,https://smartsweets.com/?srsltid=AfmBOorhh1Y0865V-st6lAiP1kyq9Rty-RVi4lacvxguY-0lZB4FOR9v,food-snacks,
Birdies,birdies.com,birdies.com,yes,https://birdies.com/?srsltid=AfmBOoqPVf-IoJN3L-EQamSAFSbFq_TXnDVMRwr6Dqif5lJ5o56VOE4K,footwear,
Cariuma,cariuma.com,cariuma.com,yes,https://www.cariuma.com/?srsltid=AfmBOoomyyJaglxQKds6cQKJXM4H0r0XCTeUvYTpIyLM-59UAucawCCG,footwear,
Heyday Footwear,heydayfootwear.com,instagram.com,no,https://www.instagram.com/heydayfootwear/,footwear,
Nisolo,nisolo.com,nisolo.com,yes,https://nisolo.com/?srsltid=AfmBOoqM-BJ5HchdFlLf-NFLjnLYLJE6hKHGHLFUnFYqnqp89AlESJZD,footwear,
Olukai,olukai.com,olukai.com,yes,https://olukai.com/?srsltid=AfmBOorLuEkT1cAbX8H8fpkLCefUG95qU9VMbeSMgipQ7dpkIAYsp2iD,footwear,
On Running,on.com,on.com,yes,https://www.on.com/?srsltid=AfmBOortewgEn50fDaJJUYFt0swL6YvBICrVnqYB2CfOScnhxVv2lges,footwear,
Rothy's,rothys.com,rothys.com,yes,https://rothys.com/?srsltid=AfmBOoqZBPaQmq8dX0LSDA3GBDMCbNeJJZg7PZG8sKifFOaQxRfmMBc9,footwear,
Sam Edelman,samedelman.com,samedelman.com,yes,https://www.samedelman.com/,footwear,
Saysh,saysh.com,saysh.com,yes,https://saysh.com/?srsltid=AfmBOor38JZgvaU1Kx12UJrx3rCmBjTiJwU2dsPpohT0RcqF_yG6gCpP,footwear,
Tecovas,tecovas.com,tecovas.com,yes,https://www.tecovas.com/,footwear,
Tropicfeel,tropicfeel.com,shop.tropicfeel.com,yes,https://shop.tropicfeel.com/,footwear,
Veja,veja-store.com,veja-store.com,yes,https://www.veja-store.com/en_us/?srsltid=AfmBOorQOxNLgEaAquXIQTMFkdDuNMGCjTJiU75kAPkCwpnYB45W8XBm,footwear,
Vessi,vessi.com,vessi.com,yes,https://vessi.com/,footwear,
Vivaia,vivaia.com,vivaia.com,yes,https://www.vivaia.com/?srsltid=AfmBOor1UTQ_ND8CNbuisLv6pEdjud6TwPW7qhP7lxLoyAwl_hNpMec7,footwear,
Wolf & Shepherd,wolfandshepherd.com,wolfandshepherd.com,yes,https://wolfandshepherd.com/?srsltid=AfmBOooLEROU1yHmEhksx-T9ACwW3y19IKQAhl3cN7Yt2FWr_aCxX3vc,footwear,
Apotheke,apotheke.co,apothekeco.com,no,https://apothekeco.com/?srsltid=AfmBOopLJFvIm7f-zOr9i_RLEflCS0I_JINy6de-iz9TaYOVqUxOTSu0,fragrance,
Dossier,dossier.co,dossier.co,yes,https://dossier.co/?srsltid=AfmBOoqZZC_2NIvkqQ__U40gAhf7f5zQTP91vVq9B-S-Rl3s56C1vcbS,fragrance,
DS & Durga,dsanddurga.com,dsanddurga.com,yes,https://www.dsanddurga.com/collections/perfume-all?srsltid=AfmBOooT3Plk-T6GjPgl2CssM-0shwpgU0RnEk2wZpOQ9EIVg-C8IjVm,fragrance,
Henry Rose,henryrose.com,henryrose.com,yes,https://henryrose.com/?srsltid=AfmBOoq62oy3eR0yy42UXkEHaV4MoHNPBeWn8zfiXyIzrr9d1EQVu_lv,fragrance,
Heretic,hereticparfum.com,en.wikipedia.org,no,https://en.wikipedia.org/wiki/Heretic_(film),fragrance,
Olfactif,olfactif.com,olfactif.com,yes,https://www.olfactif.com/?srsltid=AfmBOoqQlUpBVZyLDMSyPxAx-C_hpxqFOiUDqEcWyYhL1qIAvjkCQr7h,fragrance,
Replica,replica.com,maisonmargiela-fragrances.us,no,https://www.maisonmargiela-fragrances.us/fragrances/replica-eau-de-toilette/?srsltid=AfmBOorr3rvwTuegw0DZSr6P53pD9sDPvq00Ov5M_AzhSPF6kkpffPk2,fragrance,
Boll & Branch,bollandbranch.com,bollandbranch.com,yes,https://www.bollandbranch.com/?srsltid=AfmBOooP55Nlb8K0ghfHd3nmvwv-k70b-qweR5QKv1XAB4Ze_7jp7-D6,home-bedding,
Buffy,buffy.co,en.wikipedia.org,no,https://en.wikipedia.org/wiki/Buffy_the_Vampire_Slayer,home-bedding,
Frette,frette.com,frette.com,yes,https://www.frette.com/en_US/homepage?srsltid=AfmBOoprNhPIzPegS9m413gAePCyKSwPJ4nbe1A_eTSPXhByWJkagk5a,home-bedding,
Sferra,sferra.com,sferra.com,yes,https://www.sferra.com/?srsltid=AfmBOoqL8TfqN4-Gya_41JP84cUS17xdhIDJX0d878J7pweHs8hr2gTM,home-bedding,
Snowe,snowehome.com,snowehome.com,yes,https://snowehome.com/?srsltid=AfmBOoqwD7fdCd0TRKB2vKYvHRcf_rksNUJR35UG2s5Q0M1PCYlJPqv8,home-bedding,
Sunday Citizen,sundaycitizen.co,sundaycitizen.co,yes,https://sundaycitizen.co/?srsltid=AfmBOorALuA0jRM4vHATaNVqxzA8OcRHWOZdjdPGVbqY-uZxE87o-1Sj,home-bedding,
Artifact Uprising,artifactuprising.com,artifactuprising.com,yes,https://www.artifactuprising.com/?srsltid=AfmBOooLuXsITSr9kMR-t8RBvP0Q5xyrpd-o6ytUzTxiDW8RvcaPQFAH,home-decor,
Framebridge,framebridge.com,framebridge.com,yes,https://www.framebridge.com/?srsltid=AfmBOoq0exgxZiYEUtgr1WHnRLSLop2M3sX15_R4o1FpxoKOQcvhvIyR,home-decor,
Made,made.com,madeblanks.com,no,https://madeblanks.com/?srsltid=AfmBOorp5HcuKVULv_7ybyj2ZLE9sQa-fTnFkeTfsW-FI_3x1_sS_fVu,home-decor,
Society6,society6.com,society6.com,yes,https://society6.com/,home-decor,
Studio McGee,studio-mcgee.com,studio-mcgee.com,yes,https://studio-mcgee.com/,home-decor,
The Citizenry,the-citizenry.com,the-citizenry.com,yes,https://www.the-citizenry.com/,home-decor,
Tnoc,tnoc.studio,usanca.army.mil,no,https://www.usanca.army.mil/Our-Courses/TNOC/,home-decor,
Albany Park,albanypark.com,albanypark.com,yes,https://www.albanypark.com/collections/sectional-sofas?srsltid=AfmBOoqIU5zj6A7LU_D3ZuBZxsXZIjumRZrekpR1vL7sNBh4sxkAtumC,home-furniture,
Apt2B,apt2b.com,furniture.com,no,https://www.furniture.com/brands/apt2b,home-furniture,
Article,article.com,article.com,yes,https://www.article.com/?srsltid=AfmBOoqqOnPJb3q6KwmI9sG1ySVj9ekvK8hODSquQhx3bylYxB6BldXp,home-furniture,
Articolo,articolo.com,articolostudios.com,no,https://articolostudios.com/,home-furniture,
Burrow,burrow.com,burrow.com,yes,https://burrow.com/?srsltid=AfmBOoowvqcHkCU3OsRg1UTzfcIKo6WLuKvNIp-ekMVF1DVqrU3dRnaj,home-furniture,
Castlery,castlery.com,castlery.com,yes,https://www.castlery.com/us,home-furniture,
Cb2,cb2.com,cb2.com,yes,https://www.cb2.com/?srsltid=AfmBOoqRhGjvdt6sjsXgWUc5c88PA4-ajma1SDAXybv6IC-HPiRd6J-4,home-furniture,
DwellStudio,dwellstudio.com,dwellstudio.com,yes,https://www.dwellstudio.com/,home-furniture,
Floyd,floydhome.com,floydhome.com,yes,https://floydhome.com/?srsltid=AfmBOoq5Sm4AbT5jEqIo3V6Pe4lmnyNK_VHM76Ur02hsFFyx6JlKQA41,home-furniture,
Industry West,industrywest.com,industrywest.com,yes,https://www.industrywest.com/?srsltid=AfmBOor7oBX7EWNUajTi_Bo1hWgQywhPMGY921-mZpijhZCThlwK1hjg,home-furniture,
Inside Weather,insideweather.com,insideweather.com,yes,https://insideweather.com/,home-furniture,
Joybird,joybird.com,instagram.com,no,https://www.instagram.com/joybird/,home-furniture,
Lulu and Georgia,luluandgeorgia.com,luluandgeorgia.com,yes,https://www.luluandgeorgia.com/?srsltid=AfmBOoqT96DZxAxlrWGSyTSaOFax3qccwrU68bE0j9cQ44Prrj98XiEH,home-furniture,
Maiden Home,maidenhome.com,maidenhome.com,yes,https://maidenhome.com/?srsltid=AfmBOop5rhrrlk8iRaIKD2iVuN75TWR8xujd28saTx3ToQafJRK_RHEG,home-furniture,
Sabai,sabai.design,sabai.design,yes,https://sabai.design/?srsltid=AfmBOoqArgBSbOyUAqLdPqWQtumu7XeC2ofCs74SYRWC6QwXdJnnTenz,home-furniture,
Schoolhouse,schoolhouse.com,schoolhouse.world,no,https://schoolhouse.world/,home-furniture,
Songmics Home,songmicshome.com,songmics.com,no,https://www.songmics.com/,home-furniture,
Caraway,carawayhome.com,carawayhome.com,yes,https://www.carawayhome.com/?srsltid=AfmBOorWJGJL_fhW84mYB8Jml8UfEnKjYMlKU_fH-JqqeqeXjmwvgYd2,home-kitchen,
Cooks Standard,cooksstandard.com,cooksstandard.com,yes,https://cooksstandard.com/,home-kitchen,
Fellow,fellowproducts.com,fellowproducts.com,yes,https://fellowproducts.com/?srsltid=AfmBOooB-QlGyzO6frJd_1adSNE-TEs1q6kNYAwWhT-TuCDI34abXP7P,home-kitchen,
Field Company,fieldcompany.com,fieldcompany.com,yes,https://fieldcompany.com/?srsltid=AfmBOor3CKZcN4M-ezifZYILEZlmzAb0DdBQG_9GL1WsnrbnXhKPjpfM,home-kitchen,
GreenPan,greenpan.us,greenpan.us,yes,https://www.greenpan.us/,home-kitchen,
Hedley & Bennett,hedleyandbennett.com,hedleyandbennett.com,yes,https://www.hedleyandbennett.com/,home-kitchen,
Hexclad,hexclad.com,hexclad.com,yes,https://hexclad.com/?srsltid=AfmBOoqz92gh0b5M8-0P_W1t2PuxSJFBKsshRA9tn9nOwWkjfClscEvA,home-kitchen,
Made In,madeincookware.com,madeincookware.com,yes,https://madeincookware.com/,home-kitchen,
Misen,misen.com,misen.com,yes,https://misen.com/?srsltid=AfmBOorvJ5O4UN51O1trp3z-AN0Ym0EFcZw0sOkfvWzytsJt1ztlDGVo,home-kitchen,
Our Place,fromourplace.com,fromourplace.com,yes,https://fromourplace.com/,home-kitchen,
Smithey Ironware,smithey.com,smithey.com,yes,https://smithey.com/collections/castiron?srsltid=AfmBOoot6DNaNf5PNfMxdKlD_rPdxhmnRVVcLGIl1uvAwMKUTeVtd34B,home-kitchen,
Stargazer Cast Iron,stargazercastiron.com,stargazercastiron.com,yes,https://stargazercastiron.com/?srsltid=AfmBOop0FXc_vU9bDvdUSm2Bw3pplF7-0Y8Twj8o05p1BiOV_3uDZH3I,home-kitchen,
Allswell,allswellhome.com,walmart.com,no,https://www.walmart.com/cp/allswell/2114296,home-mattress,
Layla,laylasleep.com,en.wikipedia.org,no,https://en.wikipedia.org/wiki/Layla,home-mattress,
Nectar,nectarsleep.com,nectarsleep.com,yes,https://www.nectarsleep.com/,home-mattress,
Saatva,saatva.com,saatva.com,yes,https://www.saatva.com/,home-mattress,
Tuft & Needle,tuftandneedle.com,tuftandneedle.com,yes,https://www.tuftandneedle.com/?srsltid=AfmBOop4J-M6Qa_DMQXhX7yyQnhdqgUHH7eVHUzK7YtTkOCWQBDICYai,home-mattress,
Brightland,brightland.co,brightland.co,yes,https://brightland.co/?srsltid=AfmBOoqBVLUtZY72sEXYHTuXr-XwI2QcdYJQxyrGAdOfXGlLAvLrRcYa,home-pantry,
Diaspora Co,diasporaco.com,diasporaco.com,yes,https://www.diasporaco.com/?srsltid=AfmBOop2GcI67bSDuY2T6Fb0CM3AOmc4czFu_Z7IIP7pB0t4Ql-NZv1j,home-pantry,
Fishwife,eatfishwife.com,eatfishwife.com,yes,https://eatfishwife.com/?srsltid=AfmBOopr9BoGkYFLcYXq0NnhFDcsS3x93rLfroJi1qYClL_qze0zFSPO,home-pantry,
Graza,graza.co,graza.co,yes,https://www.graza.co/?srsltid=AfmBOopwCNWoWIpnOJVJ_C24Wjdbmmlajti5Cx2pEH85WULKUyOPv2La,home-pantry,
Maman,wearemaman.com,mamannyc.com,no,https://mamannyc.com/,home-pantry,
Omsom,omsom.com,omsom.com,yes,https://omsom.com/?srsltid=AfmBOopspG9zpetoLuYA-APlYiGROUw73AmRBnEJsL-9ownpNEMA5V8l,home-pantry,
Public Goods,publicgoods.com,publicgoods.com,yes,https://www.publicgoods.com/?srsltid=AfmBOoonwmv1msZ-n84QHnitrUuvsTtJekJ_ja5xf5EStgoJ8qhc7bzc,home-pantry,
BedJet,bedjet.com,bedjet.com,yes,https://bedjet.com/,home-sleep-tech,
Chilisleep,chilisleep.com,sleep.me,no,https://sleep.me/?srsltid=AfmBOoq1Rkf_1ytTgO2d4jvx1cmvXvysw7w2bIokNZohKJaaHQQNq-lB,home-sleep-tech,
Eight Sleep,eightsleep.com,eightsleep.com,yes,https://www.eightsleep.com/?srsltid=AfmBOooazvqIhu8Gde4-7FwMNJ7oj76Pfh88jWYuvXOSxRSs9dFHEB2l,home-sleep-tech,
Hatch,hatch.co,hatch.co,yes,https://www.hatch.co/?srsltid=AfmBOopi1kGgRXE9L2Kxe1HEgnvjR2myvP_YeZHNOWeeL1JvdC8r4VRj,home-sleep-tech,
Open Spaces,getopenspaces.com,openspacessports.com,no,https://openspacessports.com/wp/live-broadcasts/,home-storage,
Yamazaki Home,yamazakihome.com,theyamazakihome.com,no,https://theyamazakihome.com/?srsltid=AfmBOor8H8fLRh95kJVoutSXDyD7Ya8x-n30Y4WotsPChOnWidK_DbmU,home-storage,
Bellesa,bboutique.co,bellesa.co,no,https://www.bellesa.co/,intimate-wellness,
Dame,dameproducts.com,damenewyork.com,no,https://www.damenewyork.com/,intimate-wellness,
Lelo,lelo.com,lelo.com,yes,https://www.lelo.com/?srsltid=AfmBOoouM87mWToVWjHl_yPpWRrz6UJl4_1JZwyU88GtpWrp0z1lrbuq,intimate-wellness,
Lula Mae,lulamae.com,lulamaenyc.com,no,https://www.lulamaenyc.com/,intimate-wellness,
Maude,getmaude.com,en.wikipedia.org,no,https://en.wikipedia.org/wiki/Maude_(TV_series),intimate-wellness,
Adore Me,adoreme.com,adoreme.com,yes,https://www.adoreme.com/,intimates,
Boody,boody.com,boody.com,yes,https://boody.com/,intimates,
Cuup,shopcuup.com,shopcuup.com,yes,https://www.shopcuup.com/?srsltid=AfmBOorj_UtnVl4RD1AcQs_QUReK_kqHD4HjJ8eiryNJ5zgNUTYdrdmo,intimates,
Knix,knix.com,knix.com,yes,https://knix.com/,intimates,
Lively,wearlively.com,lively.com,no,https://www.lively.com/myaccount/login,intimates,
MeUndies,meundies.com,meundies.com,yes,https://www.meundies.com/,intimates,
Naja,naja.co,naja.co,yes,https://naja.co/,intimates,
Parade,yourparade.com,patch.com,no,https://patch.com/new-hampshire/merrimack/memorial-day-parades-rubber-duck-regatta-stories-talks-walks-merrimack-nh,intimates,
Pepper,wearpepper.com,en.wikipedia.org,no,https://en.wikipedia.org/wiki/Black_pepper,intimates,
Saxx Underwear,saxxunderwear.com,saxxunderwear.com,yes,https://www.saxxunderwear.com/?srsltid=AfmBOor9712ffeHjqCnEOND8_85G7V-nAblL7ss8eFGTucSyevS8Wyva,intimates,
ThirdLove,thirdlove.com,thirdlove.com,yes,https://www.thirdlove.com/?srsltid=AfmBOooVCeIlIwl__pDUuQJ7ZwmIF-2H8OwVOO98RCHS-T8o_8xR7PA6,intimates,
Tommy John,tommyjohn.com,baseball-reference.com,no,https://www.baseball-reference.com/players/j/johnto01.shtml,intimates,
Anissa Kermiche,anissakermiche.com,instagram.com,no,https://www.instagram.com/anissakermiche/?hl=en,jewelry,
Aurate,auratenewyork.com,auratenewyork.com,yes,https://auratenewyork.com/?srsltid=AfmBOoqBngpM9Ad1lsZyY306KETMLaPS-fndqUuE6WfPOiUp5RQf5u7T,jewelry,
Aurelie Bidermann,aureliebidermann.com,aureliebidermann.com,yes,https://www.aureliebidermann.com/en-us,jewelry,
Catbird,catbirdnyc.com,catbirdnyc.com,yes,https://www.catbirdnyc.com/?srsltid=AfmBOorEeACBN4-hoEZbUEdGDbKslm6obXOSDtX_Kc-1qet6iM3vqm1F,jewelry,
Mejuri,mejuri.com,mejuri.com,yes,https://mejuri.com/,jewelry,
Missoma,missoma.com,us.missoma.com,yes,https://us.missoma.com/,jewelry,
Monica Vinader,monicavinader.com,monicavinader.com,yes,https://www.monicavinader.com/us/?srsltid=AfmBOoreFx5Q9Q7CWtnhC-FX_Xo1n-vUhZruqdIll44RrHHobtev9Ghf,jewelry,
Sophie Buhai,sophiebuhai.com,sophiebuhai.com,yes,https://www.sophiebuhai.com/?srsltid=AfmBOoohWSYww2RMmMiIqa7ZXWkB7Mj5R7YCy5o2KZURMXu870u64odk,jewelry,
Stone & Strand,stoneandstrand.com,stoneandstrand.com,yes,https://www.stoneandstrand.com/?srsltid=AfmBOorNCfTOZ46qQELKmH1i8OQwBQ2oOi9HvoZ4XAnH0Gf_HHAAFLos,jewelry,
With Clarity,withclarity.com,withclarity.com,yes,https://www.withclarity.com/?srsltid=AfmBOorh4sdlw8d2cS4K_Vjk6PCXg6Bh9Mp-sbsDi4gJyCKQyauGPLD2,jewelry,
Janie and Jack,janieandjack.com,janieandjack.com,yes,https://www.janieandjack.com/home?lang=en_US,kids-apparel,
Petite Plume,petite-plume.com,petite-plume.com,yes,https://www.petite-plume.com/?srsltid=AfmBOopNr9k0DCFZbnUeGDKU45Q0-6W05vbg-64tOeilSEoiqTMRrs-s,kids-apparel,
Primary,primary.com,primary.com,yes,https://www.primary.com/?srsltid=AfmBOorLwuo8v4iJf-fHSOMgfN0ncTXVhc8wpNYGkM5-5aA3BPdD1Ww5,kids-apparel,
Tea Collection,teacollection.com,teacollection.com,yes,https://www.teacollection.com/?srsltid=AfmBOoq-0epsg5UBn3u0AGptV5sHnz5sfAzahnaKqgys_Ifm9JoZo0F_,kids-apparel,
Maisonette,maisonette.com,maisonette.com,yes,https://www.maisonette.com/?srsltid=AfmBOooPtVL8cqbkqOsYse8INbtmE8T-XauFxJ5N5ztIL_aSViyiFPuJ,kids-marketplace,
Loog Guitars,loogguitars.com,loogguitars.com,yes,https://loogguitars.com/,kids-music,
Yoto Player,us.yotoplay.com,us.yotoplay.com,yes,https://us.yotoplay.com/,kids-tech,
Camp,camp.com,en.wikipedia.org,no,"https://en.wikipedia.org/wiki/Camp_Walt_Whitman#:~:text=Camp%20Walt%20Whitman%20(abbreviated%20CWW,the%20shore%20of%20Lake%20Armington.",kids-toys,
Hape,hapetoys.com,toys.hape.com,no,https://toys.hape.com/?srsltid=AfmBOop5tZN9KDde2t2aRsdq55Uu8h-ksvHENeXaq74W62m6xAgwxYX1,kids-toys,
Maileg,maileg.us,mailegusa.com,no,https://www.mailegusa.com/,kids-toys,
Manhattan Toy,manhattantoy.com,manhattantoy.com,yes,https://www.manhattantoy.com/?srsltid=AfmBOopUuHDc6TmJ6s-X8QtgJYSYWpi9d6jObLLpX2VXdGcfTce1Dp_b,kids-toys,
Autonomous,autonomous.ai,autonomous.ai,yes,https://www.autonomous.ai/,office,
Flexispot,flexispot.com,flexispot.com,yes,https://www.flexispot.com/?srsltid=AfmBOoqyD9-G5uZK88cWluMOKAU4JH2F5k5xZCsnsokhtfn0BcMd-Z4n,office,
Fully,fully.com,merriam-webster.com,no,https://www.merriam-webster.com/dictionary/fully,office,
Inbox Zero,inboxzerodesks.com,reddit.com,no,https://www.reddit.com/r/productivity/comments/v2d2st/have_you_tried_the_inbox_zero_technique_does_it/,office,
Uplift Desk,upliftdesk.com,upliftdesk.com,yes,https://www.upliftdesk.com/?srsltid=AfmBOor89pyWGHdZiOibr4RYSvqG8w1MnB8UG74X_d7-boIRorV-V9VB,office,
Vari,vari.com,vari.com,yes,https://www.vari.com/?srsltid=AfmBOoocouCbXGVLJxcCtoiREYdcNf0Lkh2lDl4gws59Gqxd---c-Fuh,office,
Bite,bitetoothpastebits.com,bitetoothpastebits.com,yes,https://bitetoothpastebits.com/?srsltid=AfmBOooXgqE-a8rGxYARxW1SKAsVrvvM4L6Ry8rfIEO9P69SHE0lRaj4,oral-care,
Burst,burstoralcare.com,burstoralcare.com,yes,https://burstoralcare.com/?srsltid=AfmBOoq7dN9UP04QDpaA0uLyVpwj6r07cQfjm691EP-bI3MSVYtrcvEZ,oral-care,
Crest Whitening,crest.com,amazon.com,no,https://www.amazon.com/Crest-Professional-Whitestrips-Whitening-Treatments/dp/B00AHAWWO0,oral-care,
Hello Products,hello-products.com,hello-products.com,yes,https://www.hello-products.com/?srsltid=AfmBOooh0PaHqF9Ws1rDS-sKZ050zz8ErfcxmfPMYf28u667gydE_Bs6,oral-care,
Marvis,marvis.net,marvis.com,no,https://www.marvis.com/,oral-care,
Quip,getquip.com,quip.com,no,https://quip.com/,oral-care,
Tend,hellotend.com,hellotend.com,yes,https://www.hellotend.com/site/home,oral-care,
Coalatree,coalatree.com,coalatree.com,yes,https://coalatree.com/?srsltid=AfmBOorfcSuHR3buez1hw5xmwdoQGHJtrWXseUVvWngQc8Guq71VFrHu,outdoor-apparel,
Cotopaxi,cotopaxi.com,cotopaxi.com,yes,https://www.cotopaxi.com/?srsltid=AfmBOooVgdLKHKjYCqp6IWTkE01UQkd4ltrK_RtOS16UeUhoN2o-gENx,outdoor-apparel,
KUHL,kuhl.com,kuhl.com,yes,https://www.kuhl.com/?srsltid=AfmBOop-_OaaTiual9rhsuPHcamNQZAQs8MsS7481hiMX5k3PwrCg_X2,outdoor-apparel,
Tentree,tentree.com,tentree.com,yes,https://www.tentree.com/?srsltid=AfmBOooJmB9yJNnvyOnPkH3Z_sPLibMGe8_p3M8QKDEzM3_bWcnVPI64,outdoor-apparel,
BioLite,bioliteenergy.com,bioliteenergy.com,yes,https://www.bioliteenergy.com/?srsltid=AfmBOop6GxWD1lpBmR_Lgcm9MIuPFQ_lcNBylbPP9eyQUs4Nb3Yu43QA,outdoor-gear,
Black Diamond,blackdiamondequipment.com,blackdiamondequipment.com,yes,https://blackdiamondequipment.com/,outdoor-gear,
BougeRV,bougerv.com,bougerv.com,yes,https://www.bougerv.com/?srsltid=AfmBOoqh9F0D_UKJh-e6loAEIVGSGAadmjO4Z8yEqphCduotXbL4BgYI,outdoor-gear,
EcoFlow,ecoflow.com,us.ecoflow.com,yes,https://us.ecoflow.com/,outdoor-gear,
Goal Zero,goalzero.com,goalzero.com,yes,https://goalzero.com/?srsltid=AfmBOoqPhbSk3tLl2bwcq1UM5Vsoa9_0XMUGl_Tw_8clrduvbIJTKEPQ,outdoor-gear,
NNormal,nnormal.com,nnormal.com,yes,https://www.nnormal.com/en_US,outdoor-gear,
Solo Stove,solostove.com,solostove.com,yes,https://www.solostove.com/us/en-us?srsltid=AfmBOoryu8isG0WUw5c_6ANMAIVJ0wdHd9ruK39Yvn5bEMRaxFeIFisb,outdoor-gear,
Thule,thule.com,thule.com,yes,https://www.thule.com/en-us/,outdoor-gear,
Yakima,yakima.com,yakima.com,yes,https://yakima.com/?srsltid=AfmBOorbatQootqZaDc2tKTD9fKTJbwIpYLjsraxW49x0JEXB2m-a7Uc,outdoor-gear,
Aisle,periodaisle.com,discover.gotoaisle.com,no,https://discover.gotoaisle.com/offers,period-care,
August,itsaugust.co,itsaugust.co,yes,https://www.itsaugust.co/?srsltid=AfmBOoq8nL5EA8MM9EgTh1LqK8vqUozEGLooeMZZMuBtqD6tGNRyutNd,period-care,
Cora,cora.life,cora.com,no,https://cora.com/?srsltid=AfmBOoqD99mequf2l_15Al_U9j4sC6VkHvlNHtWqO36Z7obw8p8h0lgE,period-care,
Lola,mylola.com,lolablankets.com,no,https://lolablankets.com/,period-care,
Modibodi,modibodi.com,us.modibodi.com,yes,https://us.modibodi.com/?srsltid=AfmBOop6qXFGA2WdkfVnYOB1OBu8AOHKW91fvgiEy0CtvnDv4ptXPgDG,period-care,
Rael,getrael.com,getrael.com,yes,https://www.getrael.com/,period-care,
Thinx,thinx.com,thinx.com,yes,https://www.thinx.com/,period-care,
Boie,boieusa.com,boieusa.com,yes,https://boieusa.com/?srsltid=AfmBOoo6N5W4U61a9nmWNAcOvFWigM_m-g3woqPDu0PmbaE_eCAkjSWD,personal-care,
By Humankind,byhumankind.com,byhumankind.com,yes,https://byhumankind.com/,personal-care,
Lume,lumedeodorant.com,lumedeodorant.com,yes,https://lumedeodorant.com/?srsltid=AfmBOor0nuLnMVljzrCdTxV_jcAtmNt-zqdECMBWv7OBrbf6qeH7YyjM,personal-care,
Marlowe,marlowe.com,en.wikipedia.org,no,https://en.wikipedia.org/wiki/Marlowe_(1969_film),personal-care,
Megababe,megababe.com,megababebeauty.com,no,https://megababebeauty.com/?srsltid=AfmBOopv6767Q8F9r35x7Pxu1u6TCLh0Q4BSQC_M0aVHaXDBJINNmvmI,personal-care,
Native,nativecos.com,nativecos.com,yes,https://www.nativecos.com/?srsltid=AfmBOoov2aQ4yrMm6rvQE_a9K_sr-Y8YakD0KQMKYgOWCs_gjFiUk_3z,personal-care,
Schmidt's Naturals,schmidts.com,schmidts.com,yes,https://schmidts.com/,personal-care,
The Honey Pot,thehoneypot.co,thehoneypot.co,yes,https://thehoneypot.co/?srsltid=AfmBOoo-Bq-AVzriBgOPNoxYDVRyzi7DsotBenZ-sVjfRoiLIZxYZBvC,personal-care,
Tom's of Maine,tomsofmaine.com,tomsofmaine.com,yes,https://www.tomsofmaine.com/?srsltid=AfmBOoruG6_S4OVkTJlMCnkH98c5TFEoPyT2ZXALkrlkEfXqbQrrSSX1,personal-care,
Bevel,getbevel.com,bevel.health,no,https://www.bevel.health/,personal-care-mens,
Bark,bark.co,bark.co,yes,https://bark.co/?srsltid=AfmBOopKdW-1uuzGQg8EXkDx9TrlY96Wj_UWeczOnI0VV57VK5kQsoIF,pet,
Fable Pets,fablepets.com,fablepets.com,yes,https://fablepets.com/?srsltid=AfmBOoogaXxEk5T5nIa2WDYEcU6v4OupLuWoMfK7OdlU8tn1pV9ANHFQ,pet,
Wild One,wildone.com,wildone.com,yes,https://wildone.com/?srsltid=AfmBOooVb1ZN9XACHnwxLVE6zUbJt8RGTqYmeDZa_lozEhnC9uatHxfH,pet,
Bocce's Bakery,boccesbakery.com,boccesbakery.com,yes,https://www.boccesbakery.com/?srsltid=AfmBOoqnqo1NqSOafuqzeNjRhq8miORBNH4XdnEjVOHToGYRlR-04EjB,pet-food,
Maev,maev.com,meetmaev.com,no,https://meetmaev.com/,pet-food,
Open Farm,openfarmpet.com,openfarmpet.com,yes,https://openfarmpet.com/,pet-food,
Spot & Tango,spotandtango.com,spotandtango.com,yes,https://www.spotandtango.com/?srsltid=AfmBOoqvpma4RrmyNxuQIx2AbSELKvFK68PUnYunrfqdQMqFqaY2m0EZ,pet-food,
Sundays for Dogs,sundaysfordogs.com,sundaysfordogs.com,yes,https://sundaysfordogs.com/?srsltid=AfmBOorUeehnvGLiRbb9FNAbHf7enS3y7mDZqoW4HYwNPl6UwocI04eQ,pet-food,
The Farmer's Dog,thefarmersdog.com,thefarmersdog.com,yes,https://www.thefarmersdog.com/,pet-food,
Wild Earth,wildearth.com,wildearth.org,no,https://wildearth.org/,pet-food,
Bloomscape,bloomscape.com,bloomscape.com,yes,https://bloomscape.com/,plants,
Burpee,burpee.com,burpee.com,yes,https://www.burpee.com/?srsltid=AfmBOoqaxffzbxZvlMO2o4Lj_-d2_WFC7V12PaOYyUzAyIfgMByAdqOp,plants,
Eden Brothers,edenbrothers.com,edenbrothers.com,yes,https://www.edenbrothers.com/?srsltid=AfmBOoq7liKK1Xpo1pjxcwwPeJa6o0u1zZePkfGD7yCFrCmL_oSKS_Yn,plants,
Greenery NYC,greenerynyc.com,greenerynyc.com,yes,https://greenerynyc.com/,plants,
Lula's Garden,lulasgarden.com,lulasgarden.com,yes,https://www.lulasgarden.com/?srsltid=AfmBOooc4BmsiQFeOBdLleSvOSNi_dYcrkRg5mOuoTzEpUB-Fs9VLh9l,plants,
Modern Sprout,modernsprout.com,modernsprout.com,yes,https://modernsprout.com/?srsltid=AfmBOopwukzEht8RuqWXoCDdJx6HWPx599h-a4tXv5UtO7DuNqKzLlTu,plants,
Haus,drink.haus,gohaus.com,no,https://gohaus.com/?srsltid=AfmBOoprO7ZAVgeg2sOzxkZzZJLgGpIqusApdSNZLpDXYP9lXW0sStaT,spirits,
Mr Black,mrblack.co,mrblack.co,yes,https://www.mrblack.co/en-us,spirits,
Appointed,appointed.co,appointed.co,yes,https://appointed.co/?srsltid=AfmBOooEEXq-N7MPJhMeT_2jzr_ukiPZKwAP3LiQY87lZ_0RR-YlX3xt,stationery,
Baronfig,baronfig.com,baronfig.com,yes,https://baronfig.com/?srsltid=AfmBOopx6KufmO00W5hiPtHOSPKmNDd1yO_QmR8fO20Dxsp-qiOS3rga,stationery,
Greetabl,greetabl.com,greetabl.com,yes,https://greetabl.com/?srsltid=AfmBOoppYPjOXenUkJCbusrdwBGWDo9W94DlreyWT05CvM6Nba1wUpgw,stationery,
Papier,papier.com,papier.com,yes,https://www.papier.com/us/,stationery,
Postable,postable.com,postable.com,yes,https://www.postable.com/?srsltid=AfmBOoq2BG3ukmHpR9IZ_BjV1reXOnJAWZHE6iL5o7206eBKf0Ss0yYW,stationery,
Public Supply,public-supply.com,ebay.com,no,https://www.ebay.com/itm/356711524841,stationery,
Rifle Paper Co,riflepaperco.com,riflepaperco.com,yes,https://riflepaperco.com/?srsltid=AfmBOopaBqUgPlcz0xv6-ZwE0Q5pkmPEvyJV6mfChW5wbHslDGCog6WO,stationery,
Studio Carta,studiocarta.com,studiocartashop.com,no,https://studiocartashop.com/,stationery,
Bloom Nutrition,bloomnu.com,bloomnu.com,yes,https://bloomnu.com/?srsltid=AfmBOooPPmrSVo7mOUp-dQ7QOdGHrYdFTkJ2egOw4uBITIqzWRBOcpNG,supplements,
Care/of,takecareof.com,amazon.com,no,https://www.amazon.com/stores/Care-of/page/D1827873-6BB0-4958-894D-69A744B736D9,supplements,
Cymbiotika,cymbiotika.com,cymbiotika.com,yes,https://cymbiotika.com/?srsltid=AfmBOorjMKwQkrUXAWwyJ9LjzDE5pQPAriRw56dkUTTTNjoKU4dZeDqt,supplements,
Drip Drop,dripdrop.com,dripdrop.com,yes,https://dripdrop.com/?srsltid=AfmBOorLGUnhzxUU03cTaNh_9DtfFl1vvif9nKdREjrhh-Lp6lNuTnn2,supplements,
Equip Foods,equipfoods.com,equipfoods.com,yes,https://www.equipfoods.com/?srsltid=AfmBOooJMwwjPeD4NJrWKZw1sv4n2XHU_TrsgzTeI2xQLb33r-7V1srg,supplements,
Goli,goli.com,goli.com,yes,https://goli.com/?srsltid=AfmBOoqYPUIwBAXzMl3mwdhlEiS_y7LqejnmCY3YvZaI2VQ8Oy3lVJsI,supplements,
Heart & Soil,heartandsoil.co,heartandsoil.co,yes,https://heartandsoil.co/,supplements,
HUM Nutrition,humnutrition.com,humnutrition.com,yes,https://www.humnutrition.com/?srsltid=AfmBOoqk-wL07f-N6U0gIW-hwMPYOpgvK8tXMoCp7s6XWJg1Ncj1CAtE,supplements,
Just Thrive,justthrivehealth.com,justthrivehealth.com,yes,https://justthrivehealth.com/?srsltid=AfmBOooEjtJgytnSrbEoVPWYiQ-Y4tx3xXCvhE1-B5Zph_nyGysmw0Ls,supplements,
Liquid IV,liquid-iv.com,liquid-iv.com,yes,https://www.liquid-iv.com/,supplements,
LMNT,drinklmnt.com,drinklmnt.com,yes,https://drinklmnt.com/collections/salt,supplements,
NOW Foods,nowfoods.com,nowfoods.com,yes,https://www.nowfoods.com/,supplements,
Olly,olly.com,olly.com,yes,https://www.olly.com/?srsltid=AfmBOoqA246_k8_1XH0ajfDYSMNgCWbXeMd9ZeHIrW7j3foUH7IBjXvT,supplements,
Onnit,onnit.com,onnit.com,yes,https://www.onnit.com/?srsltid=AfmBOooakIQWieLIrXQYcKRisKkRnndR05dlickeW4JXoSPn2K9wnfbC,supplements,
Persona Nutrition,personanutrition.com,personanutrition.com,yes,https://www.personanutrition.com/,supplements,
Quest Nutrition,questnutrition.com,questnutrition.com,yes,https://www.questnutrition.com/,supplements,
Seed Health,seed.com,seed.com,yes,https://seed.com/?srsltid=AfmBOorIiYvf0o9rV0XokDCCAGVbQqTk4Kye13O4QVTG1r7crlvqtUM1,supplements,
Symprove,symprove.com,symprove.com,yes,https://www.symprove.com/,supplements,
Casetify,casetify.com,casetify.com,yes,https://www.casetify.com/?srsltid=AfmBOopZOrg7Ljtjn68Drm3kCbIqgu0V5CfOzTeIiahGz5SrO61PH4Bp,tech-accessories,
Loop Earplugs,loopearplugs.com,us.loopearplugs.com,yes,https://us.loopearplugs.com/,tech-accessories,
Lume Cube,lumecube.com,lumecube.com,yes,https://lumecube.com/?srsltid=AfmBOorSjw4FvqntFXZYBybsfrpcCtklNkuebfjL5V4bcCupiMuB9Gtx,tech-accessories,
Native Union,nativeunion.com,nativeunion.com,yes,https://www.nativeunion.com/?srsltid=AfmBOoq-upzmB6HhYvJNd8ji-U-5Z-HAyLBrxxo1hQyIZKp2eXfaEHnn,tech-accessories,
Nomad,nomadgoods.com,nomadgoods.com,yes,https://nomadgoods.com/?srsltid=AfmBOooVDVx_2agw2ngo6XQFLySFFs6SH9SoWwP9IKenm741pITo7FEJ,tech-accessories,
Peak Design,peakdesign.com,peakdesign.com,yes,https://www.peakdesign.com/?srsltid=AfmBOoo6vGE3y9gS-MG-Dvjsjx1Os1K5rfvXBnDaw0EZxcjyw6tc6eGS,tech-accessories,
Bremont,bremont.com,us.bremont.com,yes,https://us.bremont.com/?srsltid=AfmBOoqZDYUspAXRzEgsS55lI-aDSasTytwJrkt_mkT2BNrkiRerjte9,watches,
Christopher Ward,christopherward.com,christopherward.com,yes,https://www.christopherward.com/?srsltid=AfmBOoo2FFsIjxMyBUZu1B3g-nQOgBO-Dy3ooizv0ccC7mf8p_9fPwPE,watches,
Farer,farer.com,farer.com,yes,https://farer.com/?srsltid=AfmBOopc_fWpVwrthMudqk0hCst9bAY4_QNE-I7cV6Vb0-UcBpXN8zXB,watches,
Filippo Loreti,filippoloreti.com,filippoloretiwatches.com,no,https://filippoloretiwatches.com/?srsltid=AfmBOooV2SSYJ__gAn5npD_eWR9gLf9maqXAYY7mMvxrF557PqtF48ei,watches,
Greenwood Watches,greenwoodwatches.com,visitorwatchco.com,no,https://www.visitorwatchco.com/?srsltid=AfmBOoqNGdYgFrM_Ci4FKDsFw7Q3-dAWCQjext2ZaxUEEuVcdrml4GUr,watches,
MVMT,mvmt.com,mvmt.com,yes,https://www.mvmt.com/?srsltid=AfmBOoobT1Esi4KGY3uqavlPmhUrdrlxLhFiwyfXazR1bY5uYNkz_Qyc,watches,
Nordgreen,nordgreen.com,nordgreen.com,yes,https://nordgreen.com/en-us?srsltid=AfmBOooyL7weLNCMdQx8Tfg7aUnFYtOF_pltfg8s2Ya_mLlrNQE6pJyY,watches,
Shinola,shinola.com,shinola.com,yes,https://www.shinola.com/?srsltid=AfmBOoouR2qkGJpls0nlr7YtxKW65FWgfN_qQ2H5kIajoswoD19pJGFs,watches,
William Wood,williamwoodwatches.com,williamwoods.edu,no,https://www.williamwoods.edu/,watches,
Endel,endel.io,endel.io,yes,https://endel.io/,wellness-app,
Dipsea,dipseastories.com,dipseastories.com,yes,https://www.dipseastories.com/,wellness-audio,
Bulletproof,bulletproof.com,bulletproof.com,yes,https://www.bulletproof.com/,wellness-coffee,
Future,future.co,jambase.com,no,https://www.jambase.com/festival/les-ardentes-2026?utm_source=google&utm_medium=gac&source=ea,wellness-fitness,
Hydrow,hydrow.com,hydrow.com,yes,https://hydrow.com/,wellness-fitness,
Ladder,ladder.sport,joinladder.com,no,https://www.joinladder.com/,wellness-fitness,
Lit Method,litmethod.com,litmethod.com,yes,https://www.litmethod.com/?srsltid=AfmBOoqBR3_i2ToWNInIgLfZfCtlTccPPEAM7y8PSBUW8ubT7yAUldbQ,wellness-fitness,
Mirror,mirror.co,ikea.com,no,https://www.ikea.com/us/en/cat/mirrors-20489/,wellness-fitness,
Solidcore,solidcore.co,solidcore.co,yes,https://solidcore.co/,wellness-fitness,
Tonal,tonal.com,tonal.com,yes,https://tonal.com/?srsltid=AfmBOooN-J5A9AeKVyEqgBWWrdNOp0ARlbrsO_eX-SGf1mhnjg-4HL9B,wellness-fitness,
Y7 Studio,y7-studio.com,y7-studio.com,yes,https://www.y7-studio.com/,wellness-fitness,
Hims,forhims.com,hims.com,no,https://www.hims.com/,wellness-mens,
Keeps,keeps.com,keeps.com,yes,https://www.keeps.com/?srsltid=AfmBOoq-946C4c-N0A-DL_-Z2opgE9I86vG11jald5z8Hf6wzuHnGsa7,wellness-mens,
Roman,getroman.com,roman.com,no,https://www.roman.com/?srsltid=AfmBOopSh8ZilHh2iqw3N14YXIXT1F-ixu2Lwyh6dR6lik2jlNaS82Sg,wellness-mens,
Parsley Health,parsleyhealth.com,parsleyhealth.com,yes,https://www.parsleyhealth.com/,wellness-multi,
Hyperice,hyperice.com,hyperice.com,yes,https://hyperice.com/?srsltid=AfmBOoqaeE2vT2RjM9rk7U37gATe7A0uauU0H6hvcMSzV_n2c6SO7zI3,wellness-recovery,
Sunlighten,sunlighten.com,sunlighten.com,yes,https://www.sunlighten.com/,wellness-recovery,
Theragun,therabody.com,therabody.com,yes,https://www.therabody.com/collections/shop-theragun?srsltid=AfmBOopkuw1vHiKi7rDt_K8Qn9DsN2e3MDp8o2A_u0mdFBZ70wSw6guX,wellness-recovery,
Beam,beamtlc.com,shopbeam.com,no,https://shopbeam.com/?srsltid=AfmBOoq7vpasSg21ub4a_C2w46MLfU2qLYdA7rWgZpki442W0zWydrkh,wellness-supplements,
Hers,forhers.com,forhers.com,yes,https://www.forhers.com/,wellness-womens,
Maven Clinic,mavenclinic.com,mavenclinic.com,yes,https://www.mavenclinic.com/,wellness-womens,
Modern Fertility,modernfertility.com,api.modernfertility.com,yes,https://api.modernfertility.com/,wellness-womens,
Avaline,drinkavaline.com,drinkavaline.com,yes,https://drinkavaline.com/?srsltid=AfmBOopKqPwim-z77ZoMNWqa-NvDK_a_c1ReABWYhLob9pNnebO3J7Pe,wine,
Bright Cellars,brightcellars.com,winc.com,no,https://www.winc.com/pages/bright-cellars-activation?srsltid=AfmBOoq4eYJ815Rb_AEVZOaO9SzglMq-MhPrY4p6-ioZQs_pgRTSnFG6,wine,
Firstleaf,firstleaf.com,firstleaf.com,yes,https://www.firstleaf.com/?srsltid=AfmBOorzF-icZ-05XTz7Uw8FCX1jlbplXyl58EUA2i-PQMdojWev1VwW,wine,
Naked Wines,nakedwines.com,nakedwines.com,yes,https://www.nakedwines.com/,wine,
SOMM,somm.tv,imdb.com,no,https://www.imdb.com/title/tt2204371/,wine,
Usual Wines,usualwines.com,usualwines.com,yes,https://usualwines.com/?srsltid=AfmBOoqzZ7MFZpOz1sxqlS0OVj00HGlPNJ_yRhj1tSBcIm2gnk9ub1hf,wine,
Vinebox,getvinebox.com,vinebox.com,no,https://vinebox.com/?srsltid=AfmBOor8bVN7AILBCWUCB0gYlLdhmeEflMRmiIw2kNGIFoMvQEzYZXgu,wine,
