domain,brand
saiehello.com,Saie
tower28beauty.com,Tower 28
naturium.com,Naturium
mytopicals.com,Topicals
hellobubble.com,Bubble Skincare
cymbiotika.com,Cymbiotika
heartandsoil.co,Heart & Soil
bloomnu.com,Bloom Nutrition
equipfoods.com,Equip Foods
drinklmnt.com,LMNT
magicspoon.com,Magic Spoon
middaysquares.com,Mid-Day Squares
athleticbrewing.com,Athletic Brewing
goldbelly.com,Goldbelly
cuyana.com,Cuyana
mackweldon.com,Mack Weldon
tracksmith.com,Tracksmith
cariuma.com,Cariuma
mejuri.com,Mejuri
madeincookware.com,Made In
liquiddeath.com,Liquid Death
aimeleondore.com,Aime Leon Dore
rhone.com,Rhone
carbon38.com,Carbon38
yearofours.com,Year of Ours
